split,pairing_status,pairing_reason,selection_method,participant_count,development_participant_count,participant_pct,test_rows_used
train,eligible,eligible_strict_date_interval_winner,strict_date_intervals,256,1987,12.883744338198289,0
train,eligible,eligible_unique_previous_visit,unique_most_recent_prior_protocol_month,1170,1987,58.882737795671865,0
train,excluded,ambiguous_same_wave_no_strict_interval_winner,strict_date_intervals,9,1987,0.4529441368897836,0
train,excluded,only_unknown_or_non_earlier_history,none,548,1987,27.579265223955712,0
train,excluded,strict_latest_not_fully_before_current,strict_date_intervals,4,1987,0.20130850528434827,0
validation,eligible,eligible_strict_date_interval_winner,strict_date_intervals,55,426,12.910798122065728,0
validation,eligible,eligible_unique_previous_visit,unique_most_recent_prior_protocol_month,246,426,57.74647887323944,0
validation,excluded,ambiguous_same_wave_no_strict_interval_winner,strict_date_intervals,2,426,0.4694835680751174,0
validation,excluded,only_unknown_or_non_earlier_history,none,122,426,28.63849765258216,0
validation,excluded,strict_latest_not_fully_before_current,strict_date_intervals,1,426,0.2347417840375587,0
