split,is_input_candidate_visit,is_supervised_target_visit,date_status,visit_count,small_cell_suppressed,test_rows_used
train,False,True,exact_date_consensus,1155.0,False,0
train,True,False,date_range_8_to_30_days,1297.0,False,0
train,True,False,date_range_over_30_days,939.0,False,0
train,True,False,date_range_within_7_days,1241.0,False,0
train,True,False,exact_date_consensus,2064.0,False,0
train,True,False,no_clinical_date,,True,0
train,True,True,date_range_8_to_30_days,2187.0,False,0
train,True,True,date_range_over_30_days,1197.0,False,0
train,True,True,date_range_within_7_days,1372.0,False,0
train,True,True,exact_date_consensus,796.0,False,0
validation,False,True,exact_date_consensus,235.0,False,0
validation,True,False,date_range_8_to_30_days,281.0,False,0
validation,True,False,date_range_over_30_days,186.0,False,0
validation,True,False,date_range_within_7_days,275.0,False,0
validation,True,False,exact_date_consensus,440.0,False,0
validation,True,True,date_range_8_to_30_days,464.0,False,0
validation,True,True,date_range_over_30_days,262.0,False,0
validation,True,True,date_range_within_7_days,302.0,False,0
validation,True,True,exact_date_consensus,182.0,False,0
