scenario,block,source_name,split,rows_or_participants,modality_present_count,modality_present_pct
longitudinal_previous_last,current_derived,PTDEMOG,train,1419,1419,100.0
longitudinal_previous_last,current_derived,PTDEMOG,validation,299,299,100.0
longitudinal_previous_last,current_visit,ADAS,train,1419,1373,96.75828047921071
longitudinal_previous_last,current_visit,ADAS,validation,299,294,98.32775919732441
longitudinal_previous_last,current_visit,CDR,train,1419,1366,96.26497533474277
longitudinal_previous_last,current_visit,CDR,validation,299,293,97.9933110367893
longitudinal_previous_last,current_visit,FAQ,train,1419,1355,95.48978153629317
longitudinal_previous_last,current_visit,FAQ,validation,299,292,97.65886287625418
longitudinal_previous_last,current_visit,MMSE,train,1419,1366,96.26497533474277
longitudinal_previous_last,current_visit,MMSE,validation,299,293,97.9933110367893
longitudinal_previous_last,current_visit,MOCA,train,1419,1013,71.38830162085976
longitudinal_previous_last,current_visit,MOCA,validation,299,217,72.5752508361204
longitudinal_previous_last,current_visit,NEUROBAT,train,1419,1362,95.9830866807611
longitudinal_previous_last,current_visit,NEUROBAT,validation,299,292,97.65886287625418
longitudinal_previous_last,participant_static,APOERES,train,1419,1415,99.71811134601832
longitudinal_previous_last,participant_static,APOERES,validation,299,298,99.66555183946488
longitudinal_previous_last,participant_static,PTDEMOG,train,1419,1419,100.0
longitudinal_previous_last,participant_static,PTDEMOG,validation,299,299,100.0
longitudinal_previous_last,previous_visit,ADAS,train,1419,1385,97.60394644115574
longitudinal_previous_last,previous_visit,ADAS,validation,299,292,97.65886287625418
longitudinal_previous_last,previous_visit,CDR,train,1419,1152,81.18393234672304
longitudinal_previous_last,previous_visit,CDR,validation,299,241,80.60200668896321
longitudinal_previous_last,previous_visit,FAQ,train,1419,1400,98.66102889358703
longitudinal_previous_last,previous_visit,FAQ,validation,299,296,98.99665551839465
longitudinal_previous_last,previous_visit,MMSE,train,1419,1130,79.63354474982381
longitudinal_previous_last,previous_visit,MMSE,validation,299,237,79.26421404682274
longitudinal_previous_last,previous_visit,MOCA,train,1419,982,69.20366455250176
longitudinal_previous_last,previous_visit,MOCA,validation,299,204,68.22742474916387
longitudinal_previous_last,previous_visit,NEUROBAT,train,1419,1386,97.67441860465115
longitudinal_previous_last,previous_visit,NEUROBAT,validation,299,292,97.65886287625418
snapshot_all,current_derived,PTDEMOG,train,6707,6707,100.0
snapshot_all,current_derived,PTDEMOG,validation,1445,1445,100.0
snapshot_all,current_visit,ADAS,train,6707,4312,64.2910392127628
snapshot_all,current_visit,ADAS,validation,1445,941,65.12110726643598
snapshot_all,current_visit,CDR,train,6707,5452,81.28820635157298
snapshot_all,current_visit,CDR,validation,1445,1191,82.42214532871972
snapshot_all,current_visit,FAQ,train,6707,4280,63.81392574921724
snapshot_all,current_visit,FAQ,validation,1445,933,64.5674740484429
snapshot_all,current_visit,MMSE,train,6707,5454,81.31802594304457
snapshot_all,current_visit,MMSE,validation,1445,1190,82.35294117647058
snapshot_all,current_visit,MOCA,train,6707,2722,40.5844639928433
snapshot_all,current_visit,MOCA,validation,1445,560,38.75432525951557
snapshot_all,current_visit,NEUROBAT,train,6707,5529,82.43626062322946
snapshot_all,current_visit,NEUROBAT,validation,1445,1206,83.46020761245676
snapshot_all,participant_static,APOERES,train,1987,1814,91.29340714645193
snapshot_all,participant_static,APOERES,validation,426,387,90.84507042253522
snapshot_all,participant_static,PTDEMOG,train,1987,1987,100.0
snapshot_all,participant_static,PTDEMOG,validation,426,426,100.0
snapshot_matched_last,current_derived,PTDEMOG,train,1419,1419,100.0
snapshot_matched_last,current_derived,PTDEMOG,validation,299,299,100.0
snapshot_matched_last,current_visit,ADAS,train,1419,1373,96.75828047921071
snapshot_matched_last,current_visit,ADAS,validation,299,294,98.32775919732441
snapshot_matched_last,current_visit,CDR,train,1419,1366,96.26497533474277
snapshot_matched_last,current_visit,CDR,validation,299,293,97.9933110367893
snapshot_matched_last,current_visit,FAQ,train,1419,1355,95.48978153629317
snapshot_matched_last,current_visit,FAQ,validation,299,292,97.65886287625418
snapshot_matched_last,current_visit,MMSE,train,1419,1366,96.26497533474277
snapshot_matched_last,current_visit,MMSE,validation,299,293,97.9933110367893
snapshot_matched_last,current_visit,MOCA,train,1419,1013,71.38830162085976
snapshot_matched_last,current_visit,MOCA,validation,299,217,72.5752508361204
snapshot_matched_last,current_visit,NEUROBAT,train,1419,1362,95.9830866807611
snapshot_matched_last,current_visit,NEUROBAT,validation,299,292,97.65886287625418
snapshot_matched_last,participant_static,APOERES,train,1419,1415,99.71811134601832
snapshot_matched_last,participant_static,APOERES,validation,299,298,99.66555183946488
snapshot_matched_last,participant_static,PTDEMOG,train,1419,1419,100.0
snapshot_matched_last,participant_static,PTDEMOG,validation,299,299,100.0
