scenario,block,source_name,official_feature_type,retained_at_support_threshold,feature_count
longitudinal_previous_last,current_derived,PTDEMOG,numeric,True,1
longitudinal_previous_last,current_visit,ADAS,categorical,True,29
longitudinal_previous_last,current_visit,ADAS,multi_response,True,4
longitudinal_previous_last,current_visit,ADAS,numeric,True,18
longitudinal_previous_last,current_visit,CDR,categorical,True,7
longitudinal_previous_last,current_visit,CDR,numeric,True,1
longitudinal_previous_last,current_visit,FAQ,categorical,True,10
longitudinal_previous_last,current_visit,FAQ,numeric,True,1
longitudinal_previous_last,current_visit,MMSE,binary,True,25
longitudinal_previous_last,current_visit,MMSE,numeric,True,3
longitudinal_previous_last,current_visit,MOCA,binary,True,35
longitudinal_previous_last,current_visit,MOCA,categorical,True,5
longitudinal_previous_last,current_visit,MOCA,numeric,True,3
longitudinal_previous_last,current_visit,NEUROBAT,binary,True,11
longitudinal_previous_last,current_visit,NEUROBAT,numeric,False,1
longitudinal_previous_last,current_visit,NEUROBAT,numeric,True,48
longitudinal_previous_last,participant_static,APOERES,categorical,True,1
longitudinal_previous_last,participant_static,PTDEMOG,categorical,True,8
longitudinal_previous_last,participant_static,PTDEMOG,numeric,True,1
longitudinal_previous_last,previous_visit,ADAS,categorical,True,29
longitudinal_previous_last,previous_visit,ADAS,multi_response,True,4
longitudinal_previous_last,previous_visit,ADAS,numeric,True,18
longitudinal_previous_last,previous_visit,CDR,categorical,True,7
longitudinal_previous_last,previous_visit,CDR,numeric,True,1
longitudinal_previous_last,previous_visit,FAQ,categorical,True,10
longitudinal_previous_last,previous_visit,FAQ,numeric,True,1
longitudinal_previous_last,previous_visit,MMSE,binary,True,25
longitudinal_previous_last,previous_visit,MMSE,numeric,True,3
longitudinal_previous_last,previous_visit,MOCA,binary,True,35
longitudinal_previous_last,previous_visit,MOCA,categorical,True,5
longitudinal_previous_last,previous_visit,MOCA,numeric,True,3
longitudinal_previous_last,previous_visit,NEUROBAT,binary,True,11
longitudinal_previous_last,previous_visit,NEUROBAT,numeric,True,49
snapshot_all,current_derived,PTDEMOG,numeric,True,1
snapshot_all,current_visit,ADAS,categorical,True,29
snapshot_all,current_visit,ADAS,multi_response,True,4
snapshot_all,current_visit,ADAS,numeric,True,18
snapshot_all,current_visit,CDR,categorical,True,7
snapshot_all,current_visit,CDR,numeric,True,1
snapshot_all,current_visit,FAQ,categorical,True,10
snapshot_all,current_visit,FAQ,numeric,True,1
snapshot_all,current_visit,MMSE,binary,True,25
snapshot_all,current_visit,MMSE,numeric,True,3
snapshot_all,current_visit,MOCA,binary,True,35
snapshot_all,current_visit,MOCA,categorical,True,5
snapshot_all,current_visit,MOCA,numeric,True,3
snapshot_all,current_visit,NEUROBAT,binary,True,11
snapshot_all,current_visit,NEUROBAT,numeric,True,49
snapshot_all,participant_static,APOERES,categorical,True,1
snapshot_all,participant_static,PTDEMOG,categorical,True,8
snapshot_all,participant_static,PTDEMOG,numeric,True,1
snapshot_matched_last,current_derived,PTDEMOG,numeric,True,1
snapshot_matched_last,current_visit,ADAS,categorical,True,29
snapshot_matched_last,current_visit,ADAS,multi_response,True,4
snapshot_matched_last,current_visit,ADAS,numeric,True,18
snapshot_matched_last,current_visit,CDR,categorical,True,7
snapshot_matched_last,current_visit,CDR,numeric,True,1
snapshot_matched_last,current_visit,FAQ,categorical,True,10
snapshot_matched_last,current_visit,FAQ,numeric,True,1
snapshot_matched_last,current_visit,MMSE,binary,True,25
snapshot_matched_last,current_visit,MMSE,numeric,True,3
snapshot_matched_last,current_visit,MOCA,binary,True,35
snapshot_matched_last,current_visit,MOCA,categorical,True,5
snapshot_matched_last,current_visit,MOCA,numeric,True,3
snapshot_matched_last,current_visit,NEUROBAT,binary,True,11
snapshot_matched_last,current_visit,NEUROBAT,numeric,False,1
snapshot_matched_last,current_visit,NEUROBAT,numeric,True,48
snapshot_matched_last,participant_static,APOERES,categorical,True,1
snapshot_matched_last,participant_static,PTDEMOG,categorical,True,8
snapshot_matched_last,participant_static,PTDEMOG,numeric,True,1
