source_name,column_name,status,decision_origin,legacy_feature_type,new_feature_type,legacy_encoding,new_encoding,legacy_transform,new_transform,semantic_changed_vs_legacy,encoding_label_changed_vs_legacy
ADAS,DONE,current_crosschecked_feature,legacy_schema_preserved_exclusion_for_unchanged_feature,excluded,excluded,none,excluded,none,none,False,True
ADAS,NDREASON,crosscheck_excluded,A06_frozen_crosscheck_exclusion,categorical,excluded,explicit_missing_category+one_hot_ignore_unknown,excluded,identity,none,True,True
ADAS,Q10SCORE,current_crosschecked_feature,A06_frozen_crosscheck_directive,numeric,categorical,median_impute+missing_indicator+standardize,categorical_one_hot,numeric_identity,categorical_identity,True,True
ADAS,Q10TASK,crosscheck_excluded,A06_frozen_crosscheck_exclusion,numeric,excluded,median_impute+missing_indicator+standardize,excluded,numeric_identity,none,True,True
ADAS,Q11SCORE,current_crosschecked_feature,A06_frozen_crosscheck_directive,numeric,categorical,median_impute+missing_indicator+standardize,categorical_one_hot,numeric_identity,categorical_identity,True,True
ADAS,Q11TASK,crosscheck_excluded,A06_frozen_crosscheck_exclusion,numeric,excluded,median_impute+missing_indicator+standardize,excluded,numeric_identity,none,True,True
ADAS,Q12SCORE,current_crosschecked_feature,A06_frozen_crosscheck_directive,numeric,categorical,median_impute+missing_indicator+standardize,categorical_one_hot,numeric_identity,categorical_identity,True,True
ADAS,Q12TASK,crosscheck_excluded,A06_frozen_crosscheck_exclusion,numeric,excluded,median_impute+missing_indicator+standardize,excluded,numeric_identity,none,True,True
ADAS,Q13SCORE,current_crosschecked_feature,legacy_schema_preserved_for_unchanged_feature,numeric,numeric,median_impute+missing_indicator+standardize,numeric_standardized,numeric_identity,numeric_identity,False,True
ADAS,Q13TASKA,current_crosschecked_feature,legacy_schema_preserved_for_unchanged_feature,numeric,numeric,median_impute+missing_indicator+standardize,numeric_standardized,numeric_identity,numeric_identity,False,True
ADAS,Q13TASKB,current_crosschecked_feature,legacy_schema_preserved_for_unchanged_feature,numeric,numeric,median_impute+missing_indicator+standardize,numeric_standardized,numeric_identity,numeric_identity,False,True
ADAS,Q13TASKC,current_crosschecked_feature,legacy_schema_preserved_for_unchanged_feature,numeric,numeric,median_impute+missing_indicator+standardize,numeric_standardized,numeric_identity,numeric_identity,False,True
ADAS,Q13UNABLE,current_crosschecked_feature,A06_frozen_crosscheck_directive,categorical,categorical,explicit_missing_category+one_hot_ignore_unknown,categorical_one_hot,categorical_identity,categorical_identity,False,True
ADAS,Q1SCORE,current_crosschecked_feature,legacy_schema_preserved_for_unchanged_feature,numeric,numeric,median_impute+missing_indicator+standardize,numeric_standardized,numeric_identity,numeric_identity,False,True
ADAS,Q1TR1,current_crosschecked_feature,legacy_schema_preserved_exclusion_for_unchanged_feature,excluded,excluded,none,excluded,none,none,False,True
ADAS,Q1TR2,current_crosschecked_feature,legacy_schema_preserved_exclusion_for_unchanged_feature,excluded,excluded,none,excluded,none,none,False,True
ADAS,Q1TR2T,current_crosschecked_feature,legacy_schema_preserved_for_unchanged_feature,numeric,numeric,median_impute+missing_indicator+standardize,numeric_standardized,identity,identity,False,True
ADAS,Q1TR3,current_crosschecked_feature,legacy_schema_preserved_exclusion_for_unchanged_feature,excluded,excluded,none,excluded,none,none,False,True
ADAS,Q1TRIT,current_crosschecked_feature,legacy_schema_preserved_for_unchanged_feature,numeric,numeric,median_impute+missing_indicator+standardize,numeric_standardized,identity,identity,False,True
ADAS,Q1TRT,current_crosschecked_feature,legacy_schema_preserved_for_unchanged_feature,numeric,numeric,median_impute+missing_indicator+standardize,numeric_standardized,identity,identity,False,True
ADAS,Q1UNABLE,current_crosschecked_feature,A06_frozen_crosscheck_directive,categorical,categorical,explicit_missing_category+one_hot_ignore_unknown,categorical_one_hot,categorical_identity,categorical_identity,False,True
ADAS,Q2SCORE,current_crosschecked_feature,legacy_schema_preserved_for_unchanged_feature,numeric,numeric,median_impute+missing_indicator+standardize,numeric_standardized,numeric_identity,numeric_identity,False,True
ADAS,Q2TASK,current_crosschecked_feature,legacy_schema_preserved_for_unchanged_feature,multi_response,multi_response,dictionary_code_tokens+multi_hot+missing_indicator,multi_hot,dictionary_multi_response_tokens,dictionary_multi_response_tokens,False,True
ADAS,Q2UNABLE,current_crosschecked_feature,A06_frozen_crosscheck_directive,categorical,categorical,explicit_missing_category+one_hot_ignore_unknown,categorical_one_hot,categorical_identity,categorical_identity,False,True
ADAS,Q3SCORE,current_crosschecked_feature,legacy_schema_preserved_for_unchanged_feature,numeric,numeric,median_impute+missing_indicator+standardize,numeric_standardized,numeric_identity,numeric_identity,False,True
ADAS,Q3TASK1,current_crosschecked_feature,legacy_schema_preserved_for_unchanged_feature,categorical,categorical,explicit_missing_category+one_hot_ignore_unknown,categorical_one_hot,categorical_identity,categorical_identity,False,True
ADAS,Q3TASK2,current_crosschecked_feature,legacy_schema_preserved_for_unchanged_feature,categorical,categorical,explicit_missing_category+one_hot_ignore_unknown,categorical_one_hot,categorical_identity,categorical_identity,False,True
ADAS,Q3TASK3,current_crosschecked_feature,legacy_schema_preserved_for_unchanged_feature,categorical,categorical,explicit_missing_category+one_hot_ignore_unknown,categorical_one_hot,categorical_identity,categorical_identity,False,True
ADAS,Q3TASK4,current_crosschecked_feature,legacy_schema_preserved_for_unchanged_feature,categorical,categorical,explicit_missing_category+one_hot_ignore_unknown,categorical_one_hot,categorical_identity,categorical_identity,False,True
ADAS,Q3TASK5,current_crosschecked_feature,legacy_schema_preserved_exclusion_for_unchanged_feature,excluded,excluded,none,excluded,none,none,False,True
ADAS,Q3UNABLE,current_crosschecked_feature,A06_frozen_crosscheck_directive,categorical,categorical,explicit_missing_category+one_hot_ignore_unknown,categorical_one_hot,categorical_identity,categorical_identity,False,True
ADAS,Q4SCORE,current_crosschecked_feature,legacy_schema_preserved_for_unchanged_feature,numeric,numeric,median_impute+missing_indicator+standardize,numeric_standardized,numeric_identity,numeric_identity,False,True
ADAS,Q4TASK,current_crosschecked_feature,legacy_schema_preserved_exclusion_for_unchanged_feature,excluded,excluded,none,excluded,none,none,False,True
ADAS,Q4UNABLE,current_crosschecked_feature,A06_frozen_crosscheck_directive,categorical,categorical,explicit_missing_category+one_hot_ignore_unknown,categorical_one_hot,categorical_identity,categorical_identity,False,True
ADAS,Q5FINGER,current_crosschecked_feature,legacy_schema_preserved_for_unchanged_feature,multi_response,multi_response,dictionary_code_tokens+multi_hot+missing_indicator,multi_hot,dictionary_multi_response_tokens,dictionary_multi_response_tokens,False,True
ADAS,Q5NAME1,current_crosschecked_feature,legacy_schema_preserved_for_unchanged_feature,categorical,categorical,explicit_missing_category+one_hot_ignore_unknown,categorical_one_hot,categorical_identity,categorical_identity,False,True
ADAS,Q5NAME10,current_crosschecked_feature,legacy_schema_preserved_for_unchanged_feature,categorical,categorical,explicit_missing_category+one_hot_ignore_unknown,categorical_one_hot,categorical_identity,categorical_identity,False,True
ADAS,Q5NAME11,current_crosschecked_feature,legacy_schema_preserved_for_unchanged_feature,categorical,categorical,explicit_missing_category+one_hot_ignore_unknown,categorical_one_hot,categorical_identity,categorical_identity,False,True
ADAS,Q5NAME12,current_crosschecked_feature,legacy_schema_preserved_for_unchanged_feature,categorical,categorical,explicit_missing_category+one_hot_ignore_unknown,categorical_one_hot,categorical_identity,categorical_identity,False,True
ADAS,Q5NAME2,current_crosschecked_feature,legacy_schema_preserved_for_unchanged_feature,categorical,categorical,explicit_missing_category+one_hot_ignore_unknown,categorical_one_hot,categorical_identity,categorical_identity,False,True
ADAS,Q5NAME3,current_crosschecked_feature,legacy_schema_preserved_for_unchanged_feature,categorical,categorical,explicit_missing_category+one_hot_ignore_unknown,categorical_one_hot,categorical_identity,categorical_identity,False,True
ADAS,Q5NAME4,current_crosschecked_feature,legacy_schema_preserved_for_unchanged_feature,categorical,categorical,explicit_missing_category+one_hot_ignore_unknown,categorical_one_hot,categorical_identity,categorical_identity,False,True
ADAS,Q5NAME5,current_crosschecked_feature,legacy_schema_preserved_for_unchanged_feature,categorical,categorical,explicit_missing_category+one_hot_ignore_unknown,categorical_one_hot,categorical_identity,categorical_identity,False,True
ADAS,Q5NAME6,current_crosschecked_feature,legacy_schema_preserved_for_unchanged_feature,categorical,categorical,explicit_missing_category+one_hot_ignore_unknown,categorical_one_hot,categorical_identity,categorical_identity,False,True
ADAS,Q5NAME7,current_crosschecked_feature,legacy_schema_preserved_for_unchanged_feature,categorical,categorical,explicit_missing_category+one_hot_ignore_unknown,categorical_one_hot,categorical_identity,categorical_identity,False,True
ADAS,Q5NAME8,current_crosschecked_feature,legacy_schema_preserved_for_unchanged_feature,categorical,categorical,explicit_missing_category+one_hot_ignore_unknown,categorical_one_hot,categorical_identity,categorical_identity,False,True
ADAS,Q5NAME9,current_crosschecked_feature,legacy_schema_preserved_for_unchanged_feature,categorical,categorical,explicit_missing_category+one_hot_ignore_unknown,categorical_one_hot,categorical_identity,categorical_identity,False,True
ADAS,Q5SCORE,current_crosschecked_feature,legacy_schema_preserved_for_unchanged_feature,numeric,numeric,median_impute+missing_indicator+standardize,numeric_standardized,numeric_identity,numeric_identity,False,True
ADAS,Q5SCORE_CUE,current_crosschecked_feature,legacy_schema_preserved_for_unchanged_feature,numeric,numeric,median_impute+missing_indicator+standardize,numeric_standardized,numeric_identity,numeric_identity,False,True
ADAS,Q5UNABLE,current_crosschecked_feature,A06_frozen_crosscheck_directive,categorical,categorical,explicit_missing_category+one_hot_ignore_unknown,categorical_one_hot,categorical_identity,categorical_identity,False,True
ADAS,Q6SCORE,current_crosschecked_feature,legacy_schema_preserved_for_unchanged_feature,numeric,numeric,median_impute+missing_indicator+standardize,numeric_standardized,numeric_identity,numeric_identity,False,True
ADAS,Q6TASK,current_crosschecked_feature,legacy_schema_preserved_for_unchanged_feature,multi_response,multi_response,dictionary_code_tokens+multi_hot+missing_indicator,multi_hot,dictionary_multi_response_tokens,dictionary_multi_response_tokens,False,True
ADAS,Q6UNABLE,current_crosschecked_feature,A06_frozen_crosscheck_directive,categorical,categorical,explicit_missing_category+one_hot_ignore_unknown,categorical_one_hot,categorical_identity,categorical_identity,False,True
ADAS,Q7SCORE,current_crosschecked_feature,legacy_schema_preserved_for_unchanged_feature,numeric,numeric,median_impute+missing_indicator+standardize,numeric_standardized,numeric_identity,numeric_identity,False,True
ADAS,Q7TASK,current_crosschecked_feature,legacy_schema_preserved_for_unchanged_feature,multi_response,multi_response,dictionary_code_tokens+multi_hot+missing_indicator,multi_hot,dictionary_multi_response_tokens,dictionary_multi_response_tokens,False,True
ADAS,Q7UNABLE,current_crosschecked_feature,A06_frozen_crosscheck_directive,categorical,categorical,explicit_missing_category+one_hot_ignore_unknown,categorical_one_hot,categorical_identity,categorical_identity,False,True
ADAS,Q8SCORE,current_crosschecked_feature,legacy_schema_preserved_for_unchanged_feature,numeric,numeric,median_impute+missing_indicator+standardize,numeric_standardized,numeric_identity,numeric_identity,False,True
ADAS,Q8UNABLE,current_crosschecked_feature,A06_frozen_crosscheck_directive,categorical,categorical,explicit_missing_category+one_hot_ignore_unknown,categorical_one_hot,categorical_identity,categorical_identity,False,True
ADAS,Q8WORD1,crosscheck_excluded,A06_frozen_crosscheck_exclusion,binary,excluded,train_binary_mapping+median_impute+missing_indicator,excluded,binary_zero_one_identity,none,True,True
ADAS,Q8WORD10,crosscheck_excluded,A06_frozen_crosscheck_exclusion,binary,excluded,train_binary_mapping+median_impute+missing_indicator,excluded,binary_zero_one_identity,none,True,True
ADAS,Q8WORD10R,crosscheck_excluded,A06_frozen_crosscheck_exclusion,binary,excluded,train_binary_mapping+median_impute+missing_indicator,excluded,binary_zero_one_identity,none,True,True
ADAS,Q8WORD11,crosscheck_excluded,A06_frozen_crosscheck_exclusion,binary,excluded,train_binary_mapping+median_impute+missing_indicator,excluded,binary_zero_one_identity,none,True,True
ADAS,Q8WORD11R,crosscheck_excluded,A06_frozen_crosscheck_exclusion,binary,excluded,train_binary_mapping+median_impute+missing_indicator,excluded,binary_zero_one_identity,none,True,True
ADAS,Q8WORD12,crosscheck_excluded,A06_frozen_crosscheck_exclusion,binary,excluded,train_binary_mapping+median_impute+missing_indicator,excluded,binary_zero_one_identity,none,True,True
ADAS,Q8WORD12R,crosscheck_excluded,A06_frozen_crosscheck_exclusion,binary,excluded,train_binary_mapping+median_impute+missing_indicator,excluded,binary_zero_one_identity,none,True,True
ADAS,Q8WORD13,crosscheck_excluded,A06_frozen_crosscheck_exclusion,binary,excluded,train_binary_mapping+median_impute+missing_indicator,excluded,binary_zero_one_identity,none,True,True
ADAS,Q8WORD13R,crosscheck_excluded,A06_frozen_crosscheck_exclusion,binary,excluded,train_binary_mapping+median_impute+missing_indicator,excluded,binary_zero_one_identity,none,True,True
ADAS,Q8WORD14,crosscheck_excluded,A06_frozen_crosscheck_exclusion,binary,excluded,train_binary_mapping+median_impute+missing_indicator,excluded,binary_zero_one_identity,none,True,True
ADAS,Q8WORD14R,crosscheck_excluded,A06_frozen_crosscheck_exclusion,binary,excluded,train_binary_mapping+median_impute+missing_indicator,excluded,binary_zero_one_identity,none,True,True
ADAS,Q8WORD15,crosscheck_excluded,A06_frozen_crosscheck_exclusion,binary,excluded,train_binary_mapping+median_impute+missing_indicator,excluded,binary_zero_one_identity,none,True,True
ADAS,Q8WORD15R,crosscheck_excluded,A06_frozen_crosscheck_exclusion,binary,excluded,train_binary_mapping+median_impute+missing_indicator,excluded,binary_zero_one_identity,none,True,True
ADAS,Q8WORD16,crosscheck_excluded,A06_frozen_crosscheck_exclusion,binary,excluded,train_binary_mapping+median_impute+missing_indicator,excluded,binary_zero_one_identity,none,True,True
ADAS,Q8WORD16R,crosscheck_excluded,A06_frozen_crosscheck_exclusion,binary,excluded,train_binary_mapping+median_impute+missing_indicator,excluded,binary_zero_one_identity,none,True,True
ADAS,Q8WORD17,crosscheck_excluded,A06_frozen_crosscheck_exclusion,binary,excluded,train_binary_mapping+median_impute+missing_indicator,excluded,binary_zero_one_identity,none,True,True
ADAS,Q8WORD17R,crosscheck_excluded,A06_frozen_crosscheck_exclusion,binary,excluded,train_binary_mapping+median_impute+missing_indicator,excluded,binary_zero_one_identity,none,True,True
ADAS,Q8WORD18,crosscheck_excluded,A06_frozen_crosscheck_exclusion,binary,excluded,train_binary_mapping+median_impute+missing_indicator,excluded,binary_zero_one_identity,none,True,True
ADAS,Q8WORD18R,crosscheck_excluded,A06_frozen_crosscheck_exclusion,binary,excluded,train_binary_mapping+median_impute+missing_indicator,excluded,binary_zero_one_identity,none,True,True
ADAS,Q8WORD19,crosscheck_excluded,A06_frozen_crosscheck_exclusion,binary,excluded,train_binary_mapping+median_impute+missing_indicator,excluded,binary_zero_one_identity,none,True,True
ADAS,Q8WORD19R,crosscheck_excluded,A06_frozen_crosscheck_exclusion,binary,excluded,train_binary_mapping+median_impute+missing_indicator,excluded,binary_zero_one_identity,none,True,True
ADAS,Q8WORD2,crosscheck_excluded,A06_frozen_crosscheck_exclusion,binary,excluded,train_binary_mapping+median_impute+missing_indicator,excluded,binary_zero_one_identity,none,True,True
ADAS,Q8WORD20,crosscheck_excluded,A06_frozen_crosscheck_exclusion,binary,excluded,train_binary_mapping+median_impute+missing_indicator,excluded,binary_zero_one_identity,none,True,True
ADAS,Q8WORD20R,crosscheck_excluded,A06_frozen_crosscheck_exclusion,binary,excluded,train_binary_mapping+median_impute+missing_indicator,excluded,binary_zero_one_identity,none,True,True
ADAS,Q8WORD21,crosscheck_excluded,A06_frozen_crosscheck_exclusion,binary,excluded,train_binary_mapping+median_impute+missing_indicator,excluded,binary_zero_one_identity,none,True,True
ADAS,Q8WORD21R,crosscheck_excluded,A06_frozen_crosscheck_exclusion,binary,excluded,train_binary_mapping+median_impute+missing_indicator,excluded,binary_zero_one_identity,none,True,True
ADAS,Q8WORD22,crosscheck_excluded,A06_frozen_crosscheck_exclusion,binary,excluded,train_binary_mapping+median_impute+missing_indicator,excluded,binary_zero_one_identity,none,True,True
ADAS,Q8WORD22R,crosscheck_excluded,A06_frozen_crosscheck_exclusion,binary,excluded,train_binary_mapping+median_impute+missing_indicator,excluded,binary_zero_one_identity,none,True,True
ADAS,Q8WORD23,crosscheck_excluded,A06_frozen_crosscheck_exclusion,binary,excluded,train_binary_mapping+median_impute+missing_indicator,excluded,binary_zero_one_identity,none,True,True
ADAS,Q8WORD23R,crosscheck_excluded,A06_frozen_crosscheck_exclusion,binary,excluded,train_binary_mapping+median_impute+missing_indicator,excluded,binary_zero_one_identity,none,True,True
ADAS,Q8WORD24,crosscheck_excluded,A06_frozen_crosscheck_exclusion,binary,excluded,train_binary_mapping+median_impute+missing_indicator,excluded,binary_zero_one_identity,none,True,True
ADAS,Q8WORD24R,crosscheck_excluded,A06_frozen_crosscheck_exclusion,binary,excluded,train_binary_mapping+median_impute+missing_indicator,excluded,binary_zero_one_identity,none,True,True
ADAS,Q8WORD3,crosscheck_excluded,A06_frozen_crosscheck_exclusion,binary,excluded,train_binary_mapping+median_impute+missing_indicator,excluded,binary_zero_one_identity,none,True,True
ADAS,Q8WORD3R,crosscheck_excluded,A06_frozen_crosscheck_exclusion,binary,excluded,train_binary_mapping+median_impute+missing_indicator,excluded,binary_zero_one_identity,none,True,True
ADAS,Q8WORD4,crosscheck_excluded,A06_frozen_crosscheck_exclusion,binary,excluded,train_binary_mapping+median_impute+missing_indicator,excluded,binary_zero_one_identity,none,True,True
ADAS,Q8WORD4R,crosscheck_excluded,A06_frozen_crosscheck_exclusion,binary,excluded,train_binary_mapping+median_impute+missing_indicator,excluded,binary_zero_one_identity,none,True,True
ADAS,Q8WORD5,crosscheck_excluded,A06_frozen_crosscheck_exclusion,binary,excluded,train_binary_mapping+median_impute+missing_indicator,excluded,binary_zero_one_identity,none,True,True
ADAS,Q8WORD5R,crosscheck_excluded,A06_frozen_crosscheck_exclusion,binary,excluded,train_binary_mapping+median_impute+missing_indicator,excluded,binary_zero_one_identity,none,True,True
ADAS,Q8WORD6,crosscheck_excluded,A06_frozen_crosscheck_exclusion,binary,excluded,train_binary_mapping+median_impute+missing_indicator,excluded,binary_zero_one_identity,none,True,True
ADAS,Q8WORD6R,crosscheck_excluded,A06_frozen_crosscheck_exclusion,binary,excluded,train_binary_mapping+median_impute+missing_indicator,excluded,binary_zero_one_identity,none,True,True
ADAS,Q8WORD7,crosscheck_excluded,A06_frozen_crosscheck_exclusion,binary,excluded,train_binary_mapping+median_impute+missing_indicator,excluded,binary_zero_one_identity,none,True,True
ADAS,Q8WORD7R,crosscheck_excluded,A06_frozen_crosscheck_exclusion,binary,excluded,train_binary_mapping+median_impute+missing_indicator,excluded,binary_zero_one_identity,none,True,True
ADAS,Q8WORD8,crosscheck_excluded,A06_frozen_crosscheck_exclusion,binary,excluded,train_binary_mapping+median_impute+missing_indicator,excluded,binary_zero_one_identity,none,True,True
ADAS,Q8WORD8R,crosscheck_excluded,A06_frozen_crosscheck_exclusion,binary,excluded,train_binary_mapping+median_impute+missing_indicator,excluded,binary_zero_one_identity,none,True,True
ADAS,Q8WORD9,crosscheck_excluded,A06_frozen_crosscheck_exclusion,binary,excluded,train_binary_mapping+median_impute+missing_indicator,excluded,binary_zero_one_identity,none,True,True
ADAS,Q8WORD9R,crosscheck_excluded,A06_frozen_crosscheck_exclusion,binary,excluded,train_binary_mapping+median_impute+missing_indicator,excluded,binary_zero_one_identity,none,True,True
ADAS,Q9SCORE,current_crosschecked_feature,A06_frozen_crosscheck_directive,numeric,categorical,median_impute+missing_indicator+standardize,categorical_one_hot,numeric_identity,categorical_identity,True,True
ADAS,Q9TASK,crosscheck_excluded,A06_frozen_crosscheck_exclusion,numeric,excluded,median_impute+missing_indicator+standardize,excluded,numeric_identity,none,True,True
ADAS,SOURCE,crosscheck_excluded,A06_frozen_crosscheck_exclusion,categorical,excluded,explicit_missing_category+one_hot_ignore_unknown,excluded,identity,none,True,True
ADAS,TOTAL13,current_crosschecked_feature,legacy_schema_preserved_for_unchanged_feature,numeric,numeric,median_impute+missing_indicator+standardize,numeric_standardized,numeric_identity,numeric_identity,False,True
ADAS,TOTSCORE,current_crosschecked_feature,legacy_schema_preserved_for_unchanged_feature,numeric,numeric,median_impute+missing_indicator+standardize,numeric_standardized,numeric_identity,numeric_identity,False,True
ADAS,WORDLIST,crosscheck_excluded,A06_frozen_crosscheck_exclusion,categorical,excluded,explicit_missing_category+one_hot_ignore_unknown,excluded,categorical_identity,none,True,True
APOERES,GENOTYPE,current_crosschecked_feature,A06_frozen_crosscheck_directive,categorical,categorical,explicit_missing_category+one_hot_ignore_unknown,categorical_one_hot,categorical_identity,categorical_identity,False,True
CDR,CDCARE,current_crosschecked_feature,A06_frozen_crosscheck_directive,numeric,categorical,median_impute+missing_indicator+standardize,categorical_one_hot,identity,categorical_identity,True,True
CDR,CDCOMMUN,current_crosschecked_feature,A06_frozen_crosscheck_directive,numeric,categorical,median_impute+missing_indicator+standardize,categorical_one_hot,identity,categorical_identity,True,True
CDR,CDGLOBAL,current_crosschecked_feature,A06_frozen_crosscheck_directive,categorical,categorical,explicit_missing_category+one_hot_ignore_unknown,categorical_one_hot,categorical_identity,categorical_identity,False,True
CDR,CDHOME,current_crosschecked_feature,A06_frozen_crosscheck_directive,numeric,categorical,median_impute+missing_indicator+standardize,categorical_one_hot,identity,categorical_identity,True,True
CDR,CDJUDGE,current_crosschecked_feature,A06_frozen_crosscheck_directive,numeric,categorical,median_impute+missing_indicator+standardize,categorical_one_hot,identity,categorical_identity,True,True
CDR,CDMEMORY,current_crosschecked_feature,A06_frozen_crosscheck_directive,numeric,categorical,median_impute+missing_indicator+standardize,categorical_one_hot,identity,categorical_identity,True,True
CDR,CDORIENT,current_crosschecked_feature,A06_frozen_crosscheck_directive,numeric,categorical,median_impute+missing_indicator+standardize,categorical_one_hot,identity,categorical_identity,True,True
CDR,CDRSB,current_crosschecked_feature,A06_frozen_crosscheck_directive,numeric,numeric,median_impute+missing_indicator+standardize,numeric_standardized,numeric_identity,numeric_identity,False,True
CDR,CDSOURCE,crosscheck_excluded,A06_frozen_crosscheck_exclusion,categorical,excluded,explicit_missing_category+one_hot_ignore_unknown,excluded,cdr_source_mode_harmonization,none,True,True
CDR,CDVERSION,crosscheck_excluded,A06_frozen_crosscheck_exclusion,categorical,excluded,explicit_missing_category+one_hot_ignore_unknown,excluded,categorical_identity,none,True,True
FAQ,FAQBEVG,current_crosschecked_feature,A06_frozen_crosscheck_directive,numeric,categorical,official_FAQ_code_to_score_map_0to0_1to0_2to1_3to1_4to2_5to3+median_impute+missing_indicator+standardize,categorical_one_hot,faq_official_item_score_map,faq_official_item_score_map,True,True
FAQ,FAQEVENT,current_crosschecked_feature,A06_frozen_crosscheck_directive,numeric,categorical,official_FAQ_code_to_score_map_0to0_1to0_2to1_3to1_4to2_5to3+median_impute+missing_indicator+standardize,categorical_one_hot,faq_official_item_score_map,faq_official_item_score_map,True,True
FAQ,FAQFINAN,current_crosschecked_feature,A06_frozen_crosscheck_directive,numeric,categorical,official_FAQ_code_to_score_map_0to0_1to0_2to1_3to1_4to2_5to3+median_impute+missing_indicator+standardize,categorical_one_hot,faq_official_item_score_map,faq_official_item_score_map,True,True
FAQ,FAQFORM,current_crosschecked_feature,A06_frozen_crosscheck_directive,numeric,categorical,official_FAQ_code_to_score_map_0to0_1to0_2to1_3to1_4to2_5to3+median_impute+missing_indicator+standardize,categorical_one_hot,faq_official_item_score_map,faq_official_item_score_map,True,True
FAQ,FAQGAME,current_crosschecked_feature,A06_frozen_crosscheck_directive,numeric,categorical,official_FAQ_code_to_score_map_0to0_1to0_2to1_3to1_4to2_5to3+median_impute+missing_indicator+standardize,categorical_one_hot,faq_official_item_score_map,faq_official_item_score_map,True,True
FAQ,FAQMEAL,current_crosschecked_feature,A06_frozen_crosscheck_directive,numeric,categorical,official_FAQ_code_to_score_map_0to0_1to0_2to1_3to1_4to2_5to3+median_impute+missing_indicator+standardize,categorical_one_hot,faq_official_item_score_map,faq_official_item_score_map,True,True
FAQ,FAQREM,current_crosschecked_feature,A06_frozen_crosscheck_directive,numeric,categorical,official_FAQ_code_to_score_map_0to0_1to0_2to1_3to1_4to2_5to3+median_impute+missing_indicator+standardize,categorical_one_hot,faq_official_item_score_map,faq_official_item_score_map,True,True
FAQ,FAQSHOP,current_crosschecked_feature,A06_frozen_crosscheck_directive,numeric,categorical,official_FAQ_code_to_score_map_0to0_1to0_2to1_3to1_4to2_5to3+median_impute+missing_indicator+standardize,categorical_one_hot,faq_official_item_score_map,faq_official_item_score_map,True,True
FAQ,FAQTOTAL,current_crosschecked_feature,A06_frozen_crosscheck_directive,numeric,numeric,median_impute+missing_indicator+standardize,numeric_standardized,numeric_identity,numeric_identity,False,True
FAQ,FAQTRAVL,current_crosschecked_feature,A06_frozen_crosscheck_directive,numeric,categorical,official_FAQ_code_to_score_map_0to0_1to0_2to1_3to1_4to2_5to3+median_impute+missing_indicator+standardize,categorical_one_hot,faq_official_item_score_map,faq_official_item_score_map,True,True
FAQ,FAQTV,current_crosschecked_feature,A06_frozen_crosscheck_directive,numeric,categorical,official_FAQ_code_to_score_map_0to0_1to0_2to1_3to1_4to2_5to3+median_impute+missing_indicator+standardize,categorical_one_hot,faq_official_item_score_map,faq_official_item_score_map,True,True
FAQ,SOURCE,crosscheck_excluded,A06_frozen_crosscheck_exclusion,categorical,excluded,explicit_missing_category+one_hot_ignore_unknown,excluded,categorical_identity,none,True,True
MMSE,DONE,current_crosschecked_feature,legacy_schema_preserved_exclusion_for_unchanged_feature,excluded,excluded,none,excluded,none,none,False,True
MMSE,MMAREA,current_crosschecked_feature,legacy_schema_preserved_for_unchanged_feature,binary,binary,train_binary_mapping+median_impute+missing_indicator,binary_identity,identity,identity,False,True
MMSE,MMCITY,current_crosschecked_feature,legacy_schema_preserved_for_unchanged_feature,binary,binary,train_binary_mapping+median_impute+missing_indicator,binary_identity,identity,identity,False,True
MMSE,MMD,crosscheck_excluded,A06_frozen_crosscheck_exclusion,binary,excluded,train_binary_mapping+median_impute+missing_indicator,excluded,identity,none,True,True
MMSE,MMDATE,current_crosschecked_feature,legacy_schema_preserved_for_unchanged_feature,binary,binary,train_binary_mapping+median_impute+missing_indicator,binary_identity,identity,identity,False,True
MMSE,MMDAY,current_crosschecked_feature,legacy_schema_preserved_for_unchanged_feature,binary,binary,train_binary_mapping+median_impute+missing_indicator,binary_identity,identity,identity,False,True
MMSE,MMDRAW,current_crosschecked_feature,legacy_schema_preserved_for_unchanged_feature,binary,binary,train_binary_mapping+median_impute+missing_indicator,binary_identity,identity,identity,False,True
MMSE,MMFLOOR,current_crosschecked_feature,legacy_schema_preserved_for_unchanged_feature,binary,binary,train_binary_mapping+median_impute+missing_indicator,binary_identity,identity,identity,False,True
MMSE,MMFOLD,current_crosschecked_feature,legacy_schema_preserved_for_unchanged_feature,binary,binary,train_binary_mapping+median_impute+missing_indicator,binary_identity,identity,identity,False,True
MMSE,MMHAND,current_crosschecked_feature,legacy_schema_preserved_for_unchanged_feature,binary,binary,train_binary_mapping+median_impute+missing_indicator,binary_identity,identity,identity,False,True
MMSE,MMHOSPIT,current_crosschecked_feature,legacy_schema_preserved_for_unchanged_feature,binary,binary,train_binary_mapping+median_impute+missing_indicator,binary_identity,identity,identity,False,True
MMSE,MML,crosscheck_excluded,A06_frozen_crosscheck_exclusion,binary,excluded,train_binary_mapping+median_impute+missing_indicator,excluded,identity,none,True,True
MMSE,MMLTR1,crosscheck_excluded,A06_frozen_crosscheck_exclusion,excluded,excluded,none,excluded,none,none,True,True
MMSE,MMLTR2,crosscheck_excluded,A06_frozen_crosscheck_exclusion,excluded,excluded,none,excluded,none,none,True,True
MMSE,MMLTR3,crosscheck_excluded,A06_frozen_crosscheck_exclusion,excluded,excluded,none,excluded,none,none,True,True
MMSE,MMLTR4,crosscheck_excluded,A06_frozen_crosscheck_exclusion,excluded,excluded,none,excluded,none,none,True,True
MMSE,MMLTR5,crosscheck_excluded,A06_frozen_crosscheck_exclusion,excluded,excluded,none,excluded,none,none,True,True
MMSE,MMLTR6,crosscheck_excluded,A06_frozen_crosscheck_exclusion,excluded,excluded,none,excluded,none,none,True,True
MMSE,MMLTR7,crosscheck_excluded,A06_frozen_crosscheck_exclusion,excluded,excluded,none,excluded,none,none,True,True
MMSE,MMMONTH,current_crosschecked_feature,legacy_schema_preserved_for_unchanged_feature,binary,binary,train_binary_mapping+median_impute+missing_indicator,binary_identity,identity,identity,False,True
MMSE,MMO,crosscheck_excluded,A06_frozen_crosscheck_exclusion,binary,excluded,train_binary_mapping+median_impute+missing_indicator,excluded,identity,none,True,True
MMSE,MMONFLR,current_crosschecked_feature,legacy_schema_preserved_for_unchanged_feature,binary,binary,train_binary_mapping+median_impute+missing_indicator,binary_identity,identity,identity,False,True
MMSE,MMPENCIL,current_crosschecked_feature,legacy_schema_preserved_for_unchanged_feature,binary,binary,train_binary_mapping+median_impute+missing_indicator,binary_identity,identity,identity,False,True
MMSE,MMR,crosscheck_excluded,A06_frozen_crosscheck_exclusion,binary,excluded,train_binary_mapping+median_impute+missing_indicator,excluded,identity,none,True,True
MMSE,MMREAD,current_crosschecked_feature,legacy_schema_preserved_for_unchanged_feature,binary,binary,train_binary_mapping+median_impute+missing_indicator,binary_identity,identity,identity,False,True
MMSE,MMREPEAT,current_crosschecked_feature,legacy_schema_preserved_for_unchanged_feature,binary,binary,train_binary_mapping+median_impute+missing_indicator,binary_identity,identity,identity,False,True
MMSE,MMSCORE,current_crosschecked_feature,A06_frozen_crosscheck_directive,numeric,numeric,median_impute+missing_indicator+standardize,numeric_standardized,numeric_identity,numeric_identity,False,True
MMSE,MMSEASON,current_crosschecked_feature,legacy_schema_preserved_for_unchanged_feature,binary,binary,train_binary_mapping+median_impute+missing_indicator,binary_identity,identity,identity,False,True
MMSE,MMSTATE,current_crosschecked_feature,legacy_schema_preserved_for_unchanged_feature,binary,binary,train_binary_mapping+median_impute+missing_indicator,binary_identity,identity,identity,False,True
MMSE,MMTRIALS,current_crosschecked_feature,legacy_schema_preserved_for_unchanged_feature,numeric,numeric,median_impute+missing_indicator+standardize,numeric_standardized,identity,identity,False,True
MMSE,MMW,crosscheck_excluded,A06_frozen_crosscheck_exclusion,binary,excluded,train_binary_mapping+median_impute+missing_indicator,excluded,identity,none,True,True
MMSE,MMWATCH,current_crosschecked_feature,legacy_schema_preserved_for_unchanged_feature,binary,binary,train_binary_mapping+median_impute+missing_indicator,binary_identity,identity,identity,False,True
MMSE,MMWRITE,current_crosschecked_feature,legacy_schema_preserved_for_unchanged_feature,binary,binary,train_binary_mapping+median_impute+missing_indicator,binary_identity,identity,identity,False,True
MMSE,MMYEAR,current_crosschecked_feature,legacy_schema_preserved_for_unchanged_feature,binary,binary,train_binary_mapping+median_impute+missing_indicator,binary_identity,identity,identity,False,True
MMSE,MM_WORLD_SCORE,current_crosschecked_feature,A06_frozen_crosscheck_directive,,numeric,,numeric_standardized,,numeric_identity,True,False
MMSE,NDREASON,crosscheck_excluded,A06_frozen_crosscheck_exclusion,categorical,excluded,explicit_missing_category+one_hot_ignore_unknown,excluded,identity,none,True,True
MMSE,SOURCE,crosscheck_excluded,A06_frozen_crosscheck_exclusion,categorical,excluded,explicit_missing_category+one_hot_ignore_unknown,excluded,identity,none,True,True
MMSE,WORD1,current_crosschecked_feature,legacy_schema_preserved_for_unchanged_feature,binary,binary,train_binary_mapping+median_impute+missing_indicator,binary_identity,binary_zero_one_identity,binary_zero_one_identity,False,True
MMSE,WORD1DL,current_crosschecked_feature,legacy_schema_preserved_for_unchanged_feature,binary,binary,train_binary_mapping+median_impute+missing_indicator,binary_identity,binary_zero_one_identity,binary_zero_one_identity,False,True
MMSE,WORD2,current_crosschecked_feature,legacy_schema_preserved_for_unchanged_feature,binary,binary,train_binary_mapping+median_impute+missing_indicator,binary_identity,binary_zero_one_identity,binary_zero_one_identity,False,True
MMSE,WORD2DL,current_crosschecked_feature,legacy_schema_preserved_for_unchanged_feature,binary,binary,train_binary_mapping+median_impute+missing_indicator,binary_identity,binary_zero_one_identity,binary_zero_one_identity,False,True
MMSE,WORD3,current_crosschecked_feature,legacy_schema_preserved_for_unchanged_feature,binary,binary,train_binary_mapping+median_impute+missing_indicator,binary_identity,binary_zero_one_identity,binary_zero_one_identity,False,True
MMSE,WORD3DL,current_crosschecked_feature,legacy_schema_preserved_for_unchanged_feature,binary,binary,train_binary_mapping+median_impute+missing_indicator,binary_identity,binary_zero_one_identity,binary_zero_one_identity,False,True
MMSE,WORDLIST,crosscheck_excluded,A06_frozen_crosscheck_exclusion,categorical,excluded,explicit_missing_category+one_hot_ignore_unknown,excluded,categorical_identity,none,True,True
MMSE,WORLDSCORE,crosscheck_excluded,A06_frozen_crosscheck_exclusion,numeric,excluded,median_impute+missing_indicator+standardize,excluded,identity,none,True,True
MOCA,ABSMEAS,current_crosschecked_feature,legacy_schema_preserved_for_unchanged_feature,binary,binary,train_binary_mapping+median_impute+missing_indicator,binary_identity,identity,identity,False,True
MOCA,ABSTRAN,current_crosschecked_feature,legacy_schema_preserved_for_unchanged_feature,binary,binary,train_binary_mapping+median_impute+missing_indicator,binary_identity,identity,identity,False,True
MOCA,CAMEL,current_crosschecked_feature,legacy_schema_preserved_for_unchanged_feature,binary,binary,train_binary_mapping+median_impute+missing_indicator,binary_identity,identity,identity,False,True
MOCA,CITY,current_crosschecked_feature,legacy_schema_preserved_for_unchanged_feature,binary,binary,train_binary_mapping+median_impute+missing_indicator,binary_identity,identity,identity,False,True
MOCA,CLOCKCON,current_crosschecked_feature,legacy_schema_preserved_for_unchanged_feature,binary,binary,train_binary_mapping+median_impute+missing_indicator,binary_identity,identity,identity,False,True
MOCA,CLOCKHAN,current_crosschecked_feature,legacy_schema_preserved_for_unchanged_feature,binary,binary,train_binary_mapping+median_impute+missing_indicator,binary_identity,identity,identity,False,True
MOCA,CLOCKNO,current_crosschecked_feature,legacy_schema_preserved_for_unchanged_feature,binary,binary,train_binary_mapping+median_impute+missing_indicator,binary_identity,identity,identity,False,True
MOCA,CUBE,current_crosschecked_feature,legacy_schema_preserved_for_unchanged_feature,binary,binary,train_binary_mapping+median_impute+missing_indicator,binary_identity,identity,identity,False,True
MOCA,DATE,current_crosschecked_feature,legacy_schema_preserved_for_unchanged_feature,binary,binary,train_binary_mapping+median_impute+missing_indicator,binary_identity,identity,identity,False,True
MOCA,DAY,current_crosschecked_feature,legacy_schema_preserved_for_unchanged_feature,binary,binary,train_binary_mapping+median_impute+missing_indicator,binary_identity,identity,identity,False,True
MOCA,DELW1,current_crosschecked_feature,A06_frozen_crosscheck_directive,categorical,categorical,explicit_missing_category+one_hot_ignore_unknown,categorical_one_hot,identity,categorical_identity,True,True
MOCA,DELW2,current_crosschecked_feature,A06_frozen_crosscheck_directive,categorical,categorical,explicit_missing_category+one_hot_ignore_unknown,categorical_one_hot,identity,categorical_identity,True,True
MOCA,DELW3,current_crosschecked_feature,A06_frozen_crosscheck_directive,categorical,categorical,explicit_missing_category+one_hot_ignore_unknown,categorical_one_hot,identity,categorical_identity,True,True
MOCA,DELW4,current_crosschecked_feature,A06_frozen_crosscheck_directive,categorical,categorical,explicit_missing_category+one_hot_ignore_unknown,categorical_one_hot,identity,categorical_identity,True,True
MOCA,DELW5,current_crosschecked_feature,A06_frozen_crosscheck_directive,categorical,categorical,explicit_missing_category+one_hot_ignore_unknown,categorical_one_hot,identity,categorical_identity,True,True
MOCA,DIGBACK,current_crosschecked_feature,legacy_schema_preserved_for_unchanged_feature,binary,binary,train_binary_mapping+median_impute+missing_indicator,binary_identity,identity,identity,False,True
MOCA,DIGFOR,current_crosschecked_feature,legacy_schema_preserved_for_unchanged_feature,binary,binary,train_binary_mapping+median_impute+missing_indicator,binary_identity,identity,identity,False,True
MOCA,FFLUENCY,current_crosschecked_feature,legacy_schema_preserved_for_unchanged_feature,numeric,numeric,median_impute+missing_indicator+standardize,numeric_standardized,numeric_identity,numeric_identity,False,True
MOCA,IMMT1W1,current_crosschecked_feature,legacy_schema_preserved_for_unchanged_feature,binary,binary,train_binary_mapping+median_impute+missing_indicator,binary_identity,identity,identity,False,True
MOCA,IMMT1W2,current_crosschecked_feature,legacy_schema_preserved_for_unchanged_feature,binary,binary,train_binary_mapping+median_impute+missing_indicator,binary_identity,identity,identity,False,True
MOCA,IMMT1W3,current_crosschecked_feature,legacy_schema_preserved_for_unchanged_feature,binary,binary,train_binary_mapping+median_impute+missing_indicator,binary_identity,identity,identity,False,True
MOCA,IMMT1W4,current_crosschecked_feature,legacy_schema_preserved_for_unchanged_feature,binary,binary,train_binary_mapping+median_impute+missing_indicator,binary_identity,identity,identity,False,True
MOCA,IMMT1W5,current_crosschecked_feature,legacy_schema_preserved_for_unchanged_feature,binary,binary,train_binary_mapping+median_impute+missing_indicator,binary_identity,identity,identity,False,True
MOCA,IMMT2W1,current_crosschecked_feature,legacy_schema_preserved_for_unchanged_feature,binary,binary,train_binary_mapping+median_impute+missing_indicator,binary_identity,identity,identity,False,True
MOCA,IMMT2W2,current_crosschecked_feature,legacy_schema_preserved_for_unchanged_feature,binary,binary,train_binary_mapping+median_impute+missing_indicator,binary_identity,identity,identity,False,True
MOCA,IMMT2W3,current_crosschecked_feature,legacy_schema_preserved_for_unchanged_feature,binary,binary,train_binary_mapping+median_impute+missing_indicator,binary_identity,identity,identity,False,True
MOCA,IMMT2W4,current_crosschecked_feature,legacy_schema_preserved_for_unchanged_feature,binary,binary,train_binary_mapping+median_impute+missing_indicator,binary_identity,identity,identity,False,True
MOCA,IMMT2W5,current_crosschecked_feature,legacy_schema_preserved_for_unchanged_feature,binary,binary,train_binary_mapping+median_impute+missing_indicator,binary_identity,identity,identity,False,True
MOCA,LETTERS,current_crosschecked_feature,legacy_schema_preserved_for_unchanged_feature,numeric,numeric,median_impute+missing_indicator+standardize,numeric_standardized,numeric_identity,numeric_identity,False,True
MOCA,LION,current_crosschecked_feature,legacy_schema_preserved_for_unchanged_feature,binary,binary,train_binary_mapping+median_impute+missing_indicator,binary_identity,identity,identity,False,True
MOCA,MOCA,current_crosschecked_feature,A06_frozen_crosscheck_directive,numeric,numeric,median_impute+missing_indicator+standardize,numeric_standardized,numeric_identity,numeric_identity,False,True
MOCA,MONTH,current_crosschecked_feature,legacy_schema_preserved_for_unchanged_feature,binary,binary,train_binary_mapping+median_impute+missing_indicator,binary_identity,identity,identity,False,True
MOCA,PLACE,current_crosschecked_feature,legacy_schema_preserved_for_unchanged_feature,binary,binary,train_binary_mapping+median_impute+missing_indicator,binary_identity,identity,identity,False,True
MOCA,REPEAT1,current_crosschecked_feature,legacy_schema_preserved_for_unchanged_feature,binary,binary,train_binary_mapping+median_impute+missing_indicator,binary_identity,identity,identity,False,True
MOCA,REPEAT2,current_crosschecked_feature,legacy_schema_preserved_for_unchanged_feature,binary,binary,train_binary_mapping+median_impute+missing_indicator,binary_identity,identity,identity,False,True
MOCA,RHINO,current_crosschecked_feature,legacy_schema_preserved_for_unchanged_feature,binary,binary,train_binary_mapping+median_impute+missing_indicator,binary_identity,identity,identity,False,True
MOCA,SERIAL1,current_crosschecked_feature,legacy_schema_preserved_for_unchanged_feature,binary,binary,train_binary_mapping+median_impute+missing_indicator,binary_identity,identity,identity,False,True
MOCA,SERIAL2,current_crosschecked_feature,legacy_schema_preserved_for_unchanged_feature,binary,binary,train_binary_mapping+median_impute+missing_indicator,binary_identity,identity,identity,False,True
MOCA,SERIAL3,current_crosschecked_feature,legacy_schema_preserved_for_unchanged_feature,binary,binary,train_binary_mapping+median_impute+missing_indicator,binary_identity,identity,identity,False,True
MOCA,SERIAL4,current_crosschecked_feature,legacy_schema_preserved_for_unchanged_feature,binary,binary,train_binary_mapping+median_impute+missing_indicator,binary_identity,identity,identity,False,True
MOCA,SERIAL5,current_crosschecked_feature,legacy_schema_preserved_for_unchanged_feature,binary,binary,train_binary_mapping+median_impute+missing_indicator,binary_identity,identity,identity,False,True
MOCA,SOURCE,crosscheck_excluded,A06_frozen_crosscheck_exclusion,categorical,excluded,explicit_missing_category+one_hot_ignore_unknown,excluded,identity,none,True,True
MOCA,TRAILS,current_crosschecked_feature,legacy_schema_preserved_for_unchanged_feature,binary,binary,train_binary_mapping+median_impute+missing_indicator,binary_identity,identity,identity,False,True
MOCA,YEAR,current_crosschecked_feature,legacy_schema_preserved_for_unchanged_feature,binary,binary,train_binary_mapping+median_impute+missing_indicator,binary_identity,identity,identity,False,True
NEUROBAT,ANART,crosscheck_excluded,A06_frozen_crosscheck_exclusion,binary,excluded,train_binary_mapping+median_impute+missing_indicator,excluded,identity,none,True,True
NEUROBAT,ANARTERR,current_crosschecked_feature,legacy_schema_preserved_for_unchanged_feature,numeric,numeric,median_impute+missing_indicator+standardize,numeric_standardized,numeric_identity,numeric_identity,False,True
NEUROBAT,ANARTND,crosscheck_excluded,A06_frozen_crosscheck_exclusion,binary,excluded,train_binary_mapping+median_impute+missing_indicator,excluded,identity,none,True,True
NEUROBAT,AVDEL30MIN,current_crosschecked_feature,legacy_schema_preserved_for_unchanged_feature,numeric,numeric,median_impute+missing_indicator+standardize,numeric_standardized,numeric_identity,numeric_identity,False,True
NEUROBAT,AVDELBEGAN,crosscheck_excluded,A06_frozen_crosscheck_exclusion,numeric,excluded,median_impute+missing_indicator+standardize,excluded,identity,none,True,True
NEUROBAT,AVDELERR1,current_crosschecked_feature,legacy_schema_preserved_for_unchanged_feature,numeric,numeric,median_impute+missing_indicator+standardize,numeric_standardized,identity,identity,False,True
NEUROBAT,AVDELERR2,current_crosschecked_feature,legacy_schema_preserved_for_unchanged_feature,numeric,numeric,median_impute+missing_indicator+standardize,numeric_standardized,identity,identity,False,True
NEUROBAT,AVDELTOT,current_crosschecked_feature,legacy_schema_preserved_for_unchanged_feature,numeric,numeric,median_impute+missing_indicator+standardize,numeric_standardized,numeric_identity,numeric_identity,False,True
NEUROBAT,AVENDED,crosscheck_excluded,A06_frozen_crosscheck_exclusion,numeric,excluded,median_impute+missing_indicator+standardize,excluded,identity,none,True,True
NEUROBAT,AVERR1,current_crosschecked_feature,legacy_schema_preserved_for_unchanged_feature,numeric,numeric,median_impute+missing_indicator+standardize,numeric_standardized,identity,identity,False,True
NEUROBAT,AVERR2,current_crosschecked_feature,legacy_schema_preserved_for_unchanged_feature,numeric,numeric,median_impute+missing_indicator+standardize,numeric_standardized,identity,identity,False,True
NEUROBAT,AVERR3,current_crosschecked_feature,legacy_schema_preserved_for_unchanged_feature,numeric,numeric,median_impute+missing_indicator+standardize,numeric_standardized,identity,identity,False,True
NEUROBAT,AVERR4,current_crosschecked_feature,legacy_schema_preserved_for_unchanged_feature,numeric,numeric,median_impute+missing_indicator+standardize,numeric_standardized,identity,identity,False,True
NEUROBAT,AVERR5,current_crosschecked_feature,legacy_schema_preserved_for_unchanged_feature,numeric,numeric,median_impute+missing_indicator+standardize,numeric_standardized,identity,identity,False,True
NEUROBAT,AVERR6,current_crosschecked_feature,legacy_schema_preserved_for_unchanged_feature,numeric,numeric,median_impute+missing_indicator+standardize,numeric_standardized,identity,identity,False,True
NEUROBAT,AVERRB,current_crosschecked_feature,legacy_schema_preserved_for_unchanged_feature,numeric,numeric,median_impute+missing_indicator+standardize,numeric_standardized,identity,identity,False,True
NEUROBAT,AVTOT1,current_crosschecked_feature,legacy_schema_preserved_for_unchanged_feature,numeric,numeric,median_impute+missing_indicator+standardize,numeric_standardized,numeric_identity,numeric_identity,False,True
NEUROBAT,AVTOT2,current_crosschecked_feature,legacy_schema_preserved_for_unchanged_feature,numeric,numeric,median_impute+missing_indicator+standardize,numeric_standardized,numeric_identity,numeric_identity,False,True
NEUROBAT,AVTOT3,current_crosschecked_feature,legacy_schema_preserved_for_unchanged_feature,numeric,numeric,median_impute+missing_indicator+standardize,numeric_standardized,numeric_identity,numeric_identity,False,True
NEUROBAT,AVTOT4,current_crosschecked_feature,legacy_schema_preserved_for_unchanged_feature,numeric,numeric,median_impute+missing_indicator+standardize,numeric_standardized,numeric_identity,numeric_identity,False,True
NEUROBAT,AVTOT5,current_crosschecked_feature,legacy_schema_preserved_for_unchanged_feature,numeric,numeric,median_impute+missing_indicator+standardize,numeric_standardized,numeric_identity,numeric_identity,False,True
NEUROBAT,AVTOT6,current_crosschecked_feature,legacy_schema_preserved_for_unchanged_feature,numeric,numeric,median_impute+missing_indicator+standardize,numeric_standardized,numeric_identity,numeric_identity,False,True
NEUROBAT,AVTOTB,current_crosschecked_feature,legacy_schema_preserved_for_unchanged_feature,numeric,numeric,median_impute+missing_indicator+standardize,numeric_standardized,numeric_identity,numeric_identity,False,True
NEUROBAT,BNTCPHON,current_crosschecked_feature,legacy_schema_preserved_for_unchanged_feature,numeric,numeric,median_impute+missing_indicator+standardize,numeric_standardized,identity,identity,False,True
NEUROBAT,BNTCSTIM,current_crosschecked_feature,legacy_schema_preserved_for_unchanged_feature,numeric,numeric,median_impute+missing_indicator+standardize,numeric_standardized,identity,identity,False,True
NEUROBAT,BNTND,crosscheck_excluded,A06_frozen_crosscheck_exclusion,binary,excluded,train_binary_mapping+median_impute+missing_indicator,excluded,identity,none,True,True
NEUROBAT,BNTPHON,current_crosschecked_feature,legacy_schema_preserved_for_unchanged_feature,numeric,numeric,median_impute+missing_indicator+standardize,numeric_standardized,identity,identity,False,True
NEUROBAT,BNTSPONT,current_crosschecked_feature,legacy_schema_preserved_for_unchanged_feature,numeric,numeric,median_impute+missing_indicator+standardize,numeric_standardized,identity,identity,False,True
NEUROBAT,BNTSTIM,current_crosschecked_feature,legacy_schema_preserved_for_unchanged_feature,numeric,numeric,median_impute+missing_indicator+standardize,numeric_standardized,identity,identity,False,True
NEUROBAT,BNTTOTAL,current_crosschecked_feature,A06_frozen_crosscheck_directive,numeric,numeric,median_impute+missing_indicator+standardize,numeric_standardized,identity,numeric_identity,True,True
NEUROBAT,CATANIMSC,current_crosschecked_feature,legacy_schema_preserved_for_unchanged_feature,numeric,numeric,median_impute+missing_indicator+standardize,numeric_standardized,numeric_identity,numeric_identity,False,True
NEUROBAT,CATANINTR,current_crosschecked_feature,legacy_schema_preserved_for_unchanged_feature,numeric,numeric,median_impute+missing_indicator+standardize,numeric_standardized,numeric_identity,numeric_identity,False,True
NEUROBAT,CATANPERS,current_crosschecked_feature,legacy_schema_preserved_for_unchanged_feature,numeric,numeric,median_impute+missing_indicator+standardize,numeric_standardized,numeric_identity,numeric_identity,False,True
NEUROBAT,CATVEGESC,current_crosschecked_feature,legacy_schema_preserved_for_unchanged_feature,numeric,numeric,median_impute+missing_indicator+standardize,numeric_standardized,identity,identity,False,True
NEUROBAT,CATVGINTR,current_crosschecked_feature,legacy_schema_preserved_for_unchanged_feature,numeric,numeric,median_impute+missing_indicator+standardize,numeric_standardized,identity,identity,False,True
NEUROBAT,CATVGPERS,current_crosschecked_feature,legacy_schema_preserved_for_unchanged_feature,numeric,numeric,median_impute+missing_indicator+standardize,numeric_standardized,identity,identity,False,True
NEUROBAT,CLOCKCIRC,current_crosschecked_feature,legacy_schema_preserved_for_unchanged_feature,binary,binary,train_binary_mapping+median_impute+missing_indicator,binary_identity,identity,identity,False,True
NEUROBAT,CLOCKHAND,current_crosschecked_feature,legacy_schema_preserved_for_unchanged_feature,binary,binary,train_binary_mapping+median_impute+missing_indicator,binary_identity,identity,identity,False,True
NEUROBAT,CLOCKNUM,current_crosschecked_feature,legacy_schema_preserved_for_unchanged_feature,binary,binary,train_binary_mapping+median_impute+missing_indicator,binary_identity,identity,identity,False,True
NEUROBAT,CLOCKSCOR,current_crosschecked_feature,A06_frozen_crosscheck_directive,numeric,numeric,median_impute+missing_indicator+standardize,numeric_standardized,numeric_identity,numeric_identity,False,True
NEUROBAT,CLOCKSYM,current_crosschecked_feature,legacy_schema_preserved_for_unchanged_feature,binary,binary,train_binary_mapping+median_impute+missing_indicator,binary_identity,identity,identity,False,True
NEUROBAT,CLOCKTIME,current_crosschecked_feature,legacy_schema_preserved_for_unchanged_feature,binary,binary,train_binary_mapping+median_impute+missing_indicator,binary_identity,identity,identity,False,True
NEUROBAT,COPYCIRC,current_crosschecked_feature,legacy_schema_preserved_for_unchanged_feature,binary,binary,train_binary_mapping+median_impute+missing_indicator,binary_identity,binary_zero_one_identity,binary_zero_one_identity,False,True
NEUROBAT,COPYHAND,current_crosschecked_feature,legacy_schema_preserved_for_unchanged_feature,binary,binary,train_binary_mapping+median_impute+missing_indicator,binary_identity,binary_zero_one_identity,binary_zero_one_identity,False,True
NEUROBAT,COPYNUM,current_crosschecked_feature,legacy_schema_preserved_for_unchanged_feature,binary,binary,train_binary_mapping+median_impute+missing_indicator,binary_identity,binary_zero_one_identity,binary_zero_one_identity,False,True
NEUROBAT,COPYSCOR,current_crosschecked_feature,A06_frozen_crosscheck_directive,numeric,numeric,median_impute+missing_indicator+standardize,numeric_standardized,numeric_identity,numeric_identity,False,True
NEUROBAT,COPYSYM,current_crosschecked_feature,legacy_schema_preserved_for_unchanged_feature,binary,binary,train_binary_mapping+median_impute+missing_indicator,binary_identity,binary_zero_one_identity,binary_zero_one_identity,False,True
NEUROBAT,COPYTIME,current_crosschecked_feature,legacy_schema_preserved_for_unchanged_feature,binary,binary,train_binary_mapping+median_impute+missing_indicator,binary_identity,binary_zero_one_identity,binary_zero_one_identity,False,True
NEUROBAT,DIGITSCOR,current_crosschecked_feature,legacy_schema_preserved_for_unchanged_feature,numeric,numeric,median_impute+missing_indicator+standardize,numeric_standardized,identity,identity,False,True
NEUROBAT,DSPANBAC,current_crosschecked_feature,legacy_schema_preserved_for_unchanged_feature,numeric,numeric,median_impute+missing_indicator+standardize,numeric_standardized,identity,identity,False,True
NEUROBAT,DSPANBLTH,current_crosschecked_feature,legacy_schema_preserved_for_unchanged_feature,numeric,numeric,median_impute+missing_indicator+standardize,numeric_standardized,identity,identity,False,True
NEUROBAT,DSPANFLTH,current_crosschecked_feature,legacy_schema_preserved_for_unchanged_feature,numeric,numeric,median_impute+missing_indicator+standardize,numeric_standardized,identity,identity,False,True
NEUROBAT,DSPANFOR,current_crosschecked_feature,legacy_schema_preserved_for_unchanged_feature,numeric,numeric,median_impute+missing_indicator+standardize,numeric_standardized,identity,identity,False,True
NEUROBAT,LDELBEGIN,crosscheck_excluded,A06_frozen_crosscheck_exclusion,numeric,excluded,median_impute+missing_indicator+standardize,excluded,identity,none,True,True
NEUROBAT,LDELCUE,current_crosschecked_feature,legacy_schema_preserved_for_unchanged_feature,binary,binary,train_binary_mapping+median_impute+missing_indicator,binary_identity,identity,identity,False,True
NEUROBAT,LDELTOTAL,current_crosschecked_feature,legacy_schema_preserved_for_unchanged_feature,numeric,numeric,median_impute+missing_indicator+standardize,numeric_standardized,numeric_identity,numeric_identity,False,True
NEUROBAT,LIMMEND,crosscheck_excluded,A06_frozen_crosscheck_exclusion,numeric,excluded,median_impute+missing_indicator+standardize,excluded,identity,none,True,True
NEUROBAT,LIMMTOTAL,current_crosschecked_feature,legacy_schema_preserved_for_unchanged_feature,numeric,numeric,median_impute+missing_indicator+standardize,numeric_standardized,numeric_identity,numeric_identity,False,True
NEUROBAT,LMSTORY,crosscheck_excluded,A06_frozen_crosscheck_exclusion,categorical,excluded,explicit_missing_category+one_hot_ignore_unknown,excluded,categorical_identity,none,True,True
NEUROBAT,MINTSEMCUE,current_crosschecked_feature,legacy_schema_preserved_for_unchanged_feature,numeric,numeric,median_impute+missing_indicator+standardize,numeric_standardized,identity,identity,False,True
NEUROBAT,MINTTOTAL,current_crosschecked_feature,A06_frozen_crosscheck_directive,numeric,numeric,median_impute+missing_indicator+standardize,numeric_standardized,identity,numeric_identity,True,True
NEUROBAT,MINTUNCUED,current_crosschecked_feature,legacy_schema_preserved_for_unchanged_feature,numeric,numeric,median_impute+missing_indicator+standardize,numeric_standardized,identity,identity,False,True
NEUROBAT,SOURCE,crosscheck_excluded,A06_frozen_crosscheck_exclusion,categorical,excluded,explicit_missing_category+one_hot_ignore_unknown,excluded,identity,none,True,True
NEUROBAT,TRAAERRCOM,current_crosschecked_feature,legacy_schema_preserved_for_unchanged_feature,numeric,numeric,median_impute+missing_indicator+standardize,numeric_standardized,identity,identity,False,True
NEUROBAT,TRAAERROM,current_crosschecked_feature,legacy_schema_preserved_for_unchanged_feature,numeric,numeric,median_impute+missing_indicator+standardize,numeric_standardized,numeric_identity,numeric_identity,False,True
NEUROBAT,TRAASCOR,current_crosschecked_feature,legacy_schema_preserved_for_unchanged_feature,numeric,numeric,median_impute+missing_indicator+standardize,numeric_standardized,numeric_identity,numeric_identity,False,True
NEUROBAT,TRABERRCOM,current_crosschecked_feature,legacy_schema_preserved_for_unchanged_feature,numeric,numeric,median_impute+missing_indicator+standardize,numeric_standardized,identity,identity,False,True
NEUROBAT,TRABERROM,current_crosschecked_feature,legacy_schema_preserved_for_unchanged_feature,numeric,numeric,median_impute+missing_indicator+standardize,numeric_standardized,numeric_identity,numeric_identity,False,True
NEUROBAT,TRABSCOR,current_crosschecked_feature,legacy_schema_preserved_for_unchanged_feature,numeric,numeric,median_impute+missing_indicator+standardize,numeric_standardized,numeric_identity,numeric_identity,False,True
PTDEMOG,AGE_AT_TARGET,derive_later_new_feature,A06_frozen_derive_later_directive,,numeric,,numeric_standardized,,derive_age_at_target_from_birth_year_and_current_target_date,True,True
PTDEMOG,PTADBEG,crosscheck_excluded,A06_frozen_crosscheck_exclusion,excluded,excluded,none,excluded,none,none,True,True
PTDEMOG,PTADDX,crosscheck_excluded,A06_frozen_crosscheck_exclusion,excluded,excluded,none,excluded,none,none,True,True
PTDEMOG,PTASIAN,crosscheck_excluded,A06_frozen_crosscheck_exclusion,categorical,excluded,missing_token+one_hot_ignore_unknown,excluded,identity,none,True,True
PTDEMOG,PTBIRGR,crosscheck_excluded,A06_frozen_crosscheck_exclusion,categorical,excluded,missing_token+one_hot_ignore_unknown,excluded,identity,none,True,True
PTDEMOG,PTBIRPL,crosscheck_excluded,A06_frozen_crosscheck_exclusion,categorical,excluded,missing_token+one_hot_ignore_unknown,excluded,identity,none,True,True
PTDEMOG,PTBIRPR,crosscheck_excluded,A06_frozen_crosscheck_exclusion,categorical,excluded,missing_token+one_hot_ignore_unknown,excluded,identity,none,True,True
PTDEMOG,PTBORN,crosscheck_excluded,A06_frozen_crosscheck_exclusion,categorical,excluded,missing_token+one_hot_ignore_unknown,excluded,identity,none,True,True
PTDEMOG,PTCLANG,crosscheck_excluded,A06_frozen_crosscheck_exclusion,categorical,excluded,missing_token+one_hot_ignore_unknown,excluded,identity,none,True,True
PTDEMOG,PTCOGBEG,crosscheck_excluded,A06_frozen_crosscheck_exclusion,excluded,excluded,none,excluded,none,none,True,True
PTDEMOG,PTDOB,crosscheck_excluded,A06_frozen_crosscheck_exclusion,excluded,excluded,none,excluded,none,none,True,True
PTDEMOG,PTDOBYY,crosscheck_excluded,A06_frozen_crosscheck_exclusion,numeric,excluded,median_impute+missing_indicator+standardize,excluded,extract_year_from_jan1_date_placeholder,none,True,True
PTDEMOG,PTEDUCAT,current_crosschecked_feature,A06_frozen_crosscheck_directive,numeric,numeric,median_impute+missing_indicator+standardize,numeric_standardized,numeric_identity,numeric_identity,False,True
PTDEMOG,PTENGSPK,crosscheck_excluded,A06_frozen_crosscheck_exclusion,categorical,excluded,missing_token+one_hot_ignore_unknown,excluded,identity,none,True,True
PTDEMOG,PTENGSPKAGE,crosscheck_excluded,A06_frozen_crosscheck_exclusion,numeric,excluded,median_impute+missing_indicator+standardize,excluded,identity,none,True,True
PTDEMOG,PTETHCAT,current_crosschecked_feature,A06_frozen_crosscheck_directive,categorical,categorical,missing_token+one_hot_ignore_unknown,categorical_one_hot,identity,categorical_identity,True,True
PTDEMOG,PTETHCATH,crosscheck_excluded,A06_frozen_crosscheck_exclusion,multi_response,excluded,dictionary_code_tokens+multi_hot+missing_indicator,excluded,dictionary_multi_response_tokens,none,True,True
PTDEMOG,PTGENDER,current_crosschecked_feature,A06_frozen_crosscheck_directive,categorical,categorical,missing_token+one_hot_ignore_unknown,categorical_one_hot,identity,categorical_identity,True,True
PTDEMOG,PTHAND,current_crosschecked_feature,A06_frozen_crosscheck_directive,categorical,categorical,missing_token+one_hot_ignore_unknown,categorical_one_hot,identity,categorical_identity,True,True
PTDEMOG,PTHOME,current_crosschecked_feature,A06_frozen_crosscheck_directive,categorical,categorical,explicit_missing_category+one_hot_ignore_unknown,categorical_one_hot,ptdemog_pthome_harmonization,ptdemog_pthome_harmonization,False,True
PTDEMOG,PTIDENT,crosscheck_excluded,A06_frozen_crosscheck_exclusion,categorical,excluded,missing_token+one_hot_ignore_unknown,excluded,identity,none,True,True
PTDEMOG,PTIMMAGE,crosscheck_excluded,A06_frozen_crosscheck_exclusion,numeric,excluded,median_impute+missing_indicator+standardize,excluded,identity,none,True,True
PTDEMOG,PTIMMWHY,crosscheck_excluded,A06_frozen_crosscheck_exclusion,multi_response,excluded,dictionary_code_tokens+multi_hot+missing_indicator,excluded,dictionary_multi_response_tokens,none,True,True
PTDEMOG,PTLANGPR1,crosscheck_excluded,A06_frozen_crosscheck_exclusion,categorical,excluded,missing_token+one_hot_ignore_unknown,excluded,identity,none,True,True
PTDEMOG,PTLANGPR2,crosscheck_excluded,A06_frozen_crosscheck_exclusion,categorical,excluded,missing_token+one_hot_ignore_unknown,excluded,identity,none,True,True
PTDEMOG,PTLANGPR3,crosscheck_excluded,A06_frozen_crosscheck_exclusion,categorical,excluded,missing_token+one_hot_ignore_unknown,excluded,identity,none,True,True
PTDEMOG,PTLANGPR4,crosscheck_excluded,A06_frozen_crosscheck_exclusion,categorical,excluded,missing_token+one_hot_ignore_unknown,excluded,identity,none,True,True
PTDEMOG,PTLANGPR5,crosscheck_excluded,A06_frozen_crosscheck_exclusion,categorical,excluded,missing_token+one_hot_ignore_unknown,excluded,identity,none,True,True
PTDEMOG,PTLANGPR6,crosscheck_excluded,A06_frozen_crosscheck_exclusion,categorical,excluded,missing_token+one_hot_ignore_unknown,excluded,identity,none,True,True
PTDEMOG,PTLANGRD1,crosscheck_excluded,A06_frozen_crosscheck_exclusion,categorical,excluded,missing_token+one_hot_ignore_unknown,excluded,identity,none,True,True
PTDEMOG,PTLANGRD2,crosscheck_excluded,A06_frozen_crosscheck_exclusion,categorical,excluded,missing_token+one_hot_ignore_unknown,excluded,identity,none,True,True
PTDEMOG,PTLANGRD3,crosscheck_excluded,A06_frozen_crosscheck_exclusion,categorical,excluded,missing_token+one_hot_ignore_unknown,excluded,identity,none,True,True
PTDEMOG,PTLANGRD4,crosscheck_excluded,A06_frozen_crosscheck_exclusion,categorical,excluded,missing_token+one_hot_ignore_unknown,excluded,identity,none,True,True
PTDEMOG,PTLANGRD5,crosscheck_excluded,A06_frozen_crosscheck_exclusion,categorical,excluded,missing_token+one_hot_ignore_unknown,excluded,identity,none,True,True
PTDEMOG,PTLANGRD6,crosscheck_excluded,A06_frozen_crosscheck_exclusion,categorical,excluded,missing_token+one_hot_ignore_unknown,excluded,identity,none,True,True
PTDEMOG,PTLANGSP,crosscheck_excluded,A06_frozen_crosscheck_exclusion,categorical,excluded,missing_token+one_hot_ignore_unknown,excluded,identity,none,True,True
PTDEMOG,PTLANGSP1,crosscheck_excluded,A06_frozen_crosscheck_exclusion,categorical,excluded,missing_token+one_hot_ignore_unknown,excluded,identity,none,True,True
PTDEMOG,PTLANGSP2,crosscheck_excluded,A06_frozen_crosscheck_exclusion,categorical,excluded,missing_token+one_hot_ignore_unknown,excluded,identity,none,True,True
PTDEMOG,PTLANGSP3,crosscheck_excluded,A06_frozen_crosscheck_exclusion,categorical,excluded,missing_token+one_hot_ignore_unknown,excluded,identity,none,True,True
PTDEMOG,PTLANGSP4,crosscheck_excluded,A06_frozen_crosscheck_exclusion,categorical,excluded,missing_token+one_hot_ignore_unknown,excluded,identity,none,True,True
PTDEMOG,PTLANGSP5,crosscheck_excluded,A06_frozen_crosscheck_exclusion,categorical,excluded,missing_token+one_hot_ignore_unknown,excluded,identity,none,True,True
PTDEMOG,PTLANGSP6,crosscheck_excluded,A06_frozen_crosscheck_exclusion,categorical,excluded,missing_token+one_hot_ignore_unknown,excluded,identity,none,True,True
PTDEMOG,PTLANGTTL,crosscheck_excluded,A06_frozen_crosscheck_exclusion,numeric,excluded,median_impute+missing_indicator+standardize,excluded,identity,none,True,True
PTDEMOG,PTLANGUN1,crosscheck_excluded,A06_frozen_crosscheck_exclusion,categorical,excluded,missing_token+one_hot_ignore_unknown,excluded,identity,none,True,True
PTDEMOG,PTLANGUN2,crosscheck_excluded,A06_frozen_crosscheck_exclusion,categorical,excluded,missing_token+one_hot_ignore_unknown,excluded,identity,none,True,True
PTDEMOG,PTLANGUN3,crosscheck_excluded,A06_frozen_crosscheck_exclusion,categorical,excluded,missing_token+one_hot_ignore_unknown,excluded,identity,none,True,True
PTDEMOG,PTLANGUN4,crosscheck_excluded,A06_frozen_crosscheck_exclusion,categorical,excluded,missing_token+one_hot_ignore_unknown,excluded,identity,none,True,True
PTDEMOG,PTLANGUN5,crosscheck_excluded,A06_frozen_crosscheck_exclusion,categorical,excluded,missing_token+one_hot_ignore_unknown,excluded,identity,none,True,True
PTDEMOG,PTLANGUN6,crosscheck_excluded,A06_frozen_crosscheck_exclusion,categorical,excluded,missing_token+one_hot_ignore_unknown,excluded,identity,none,True,True
PTDEMOG,PTLANGWR,crosscheck_excluded,A06_frozen_crosscheck_exclusion,categorical,excluded,missing_token+one_hot_ignore_unknown,excluded,identity,none,True,True
PTDEMOG,PTLANGWR1,crosscheck_excluded,A06_frozen_crosscheck_exclusion,categorical,excluded,missing_token+one_hot_ignore_unknown,excluded,identity,none,True,True
PTDEMOG,PTLANGWR2,crosscheck_excluded,A06_frozen_crosscheck_exclusion,categorical,excluded,missing_token+one_hot_ignore_unknown,excluded,identity,none,True,True
PTDEMOG,PTLANGWR3,crosscheck_excluded,A06_frozen_crosscheck_exclusion,categorical,excluded,missing_token+one_hot_ignore_unknown,excluded,identity,none,True,True
PTDEMOG,PTLANGWR4,crosscheck_excluded,A06_frozen_crosscheck_exclusion,categorical,excluded,missing_token+one_hot_ignore_unknown,excluded,identity,none,True,True
PTDEMOG,PTLANGWR5,crosscheck_excluded,A06_frozen_crosscheck_exclusion,categorical,excluded,missing_token+one_hot_ignore_unknown,excluded,identity,none,True,True
PTDEMOG,PTLANGWR6,crosscheck_excluded,A06_frozen_crosscheck_exclusion,categorical,excluded,missing_token+one_hot_ignore_unknown,excluded,identity,none,True,True
PTDEMOG,PTMARRY,current_crosschecked_feature,A06_frozen_crosscheck_directive,categorical,categorical,missing_token+one_hot_ignore_unknown,categorical_one_hot,identity,categorical_identity,True,True
PTDEMOG,PTNLANG,crosscheck_excluded,A06_frozen_crosscheck_exclusion,categorical,excluded,missing_token+one_hot_ignore_unknown,excluded,identity,none,True,True
PTDEMOG,PTNOTRT,current_crosschecked_feature,A06_frozen_crosscheck_directive,categorical,categorical,missing_token+one_hot_ignore_unknown,categorical_one_hot,identity,categorical_identity,True,True
PTDEMOG,PTOPI,crosscheck_excluded,A06_frozen_crosscheck_exclusion,categorical,excluded,missing_token+one_hot_ignore_unknown,excluded,identity,none,True,True
PTDEMOG,PTORIENT,crosscheck_excluded,A06_frozen_crosscheck_exclusion,categorical,excluded,missing_token+one_hot_ignore_unknown,excluded,identity,none,True,True
PTDEMOG,PTORIENTOT,crosscheck_excluded,A06_frozen_crosscheck_exclusion,excluded,excluded,none,excluded,none,none,True,True
PTDEMOG,PTPLANG,current_crosschecked_feature,A06_frozen_crosscheck_directive,categorical,categorical,missing_token+one_hot_ignore_unknown,categorical_one_hot,identity,categorical_identity,True,True
PTDEMOG,PTRACCAT,current_crosschecked_feature,A06_frozen_crosscheck_directive,multi_response,categorical,dictionary_code_tokens+multi_hot+missing_indicator,categorical_one_hot,dictionary_multi_response_tokens,categorical_identity,True,True
PTDEMOG,PTRTYR,crosscheck_excluded,A06_frozen_crosscheck_exclusion,numeric,excluded,median_impute+missing_indicator+standardize,excluded,identity,none,True,True
PTDEMOG,PTSOURCE,crosscheck_excluded,A06_frozen_crosscheck_exclusion,categorical,excluded,explicit_missing_category+one_hot_ignore_unknown,excluded,identity,none,True,True
PTDEMOG,PTSPOTTIM,crosscheck_excluded,A06_frozen_crosscheck_exclusion,numeric,excluded,median_impute+missing_indicator+standardize,excluded,identity,none,True,True
PTDEMOG,PTSPTIM,crosscheck_excluded,A06_frozen_crosscheck_exclusion,numeric,excluded,median_impute+missing_indicator+standardize,excluded,identity,none,True,True
PTDEMOG,PTTLANG,crosscheck_excluded,A06_frozen_crosscheck_exclusion,categorical,excluded,missing_token+one_hot_ignore_unknown,excluded,identity,none,True,True
PTDEMOG,PTWORK,crosscheck_excluded,A06_frozen_crosscheck_exclusion,categorical,excluded,missing_token+one_hot_ignore_unknown,excluded,identity,none,True,True
PTDEMOG,PTWORKHS,crosscheck_excluded,A06_frozen_crosscheck_exclusion,categorical,excluded,missing_token+one_hot_ignore_unknown,excluded,identity,none,True,True
