source_name,grain,feature_position_within_source,column_name,a06_directive_present,a06_crosscheck_action,a06_final_feature_type,a06_value_transform_id,a06_semantic_role,a06_reason,a06_execution_stage,suggested_type,suggested_encoding,native_train_observed_rows,native_train_observed_participants,native_train_observed_fraction,snapshot_train_observed_rows,snapshot_train_observed_participants,snapshot_train_observed_fraction,snapshot_train_observed_participant_fraction,snapshot_train_distinct_observed_values,snapshot_train_participant_support_band,review_flags,final_include,final_feature_type,final_encoding,semantic_role,decision_reason,review_notes
ADAS,visit,1,DONE,False,,,,,,,binary_numeric_candidate,binary_or_one_hot_review,2674,953,0.3045211251565881,1188,588,0.17712837334128523,0.29592350276799195,2,009_over_500,numeric_looking_code_requires_semantic_review,,,,,,
ADAS,visit,2,Q1TR1,False,,,,,,,multi_response_candidate,multi_hot,8650,1834,0.9850814258057169,4276,1411,0.6375428656627404,0.7101157523905385,740,009_over_500,multi_response_requires_token_semantics_review,,,,,,
ADAS,visit,3,Q1TR2,False,,,,,,,multi_response_candidate,multi_hot,8676,1836,0.9880423641954219,4294,1418,0.6402266288951841,0.7136386512330146,723,009_over_500,multi_response_requires_token_semantics_review,,,,,,
ADAS,visit,4,Q1TR3,False,,,,,,,multi_response_candidate,multi_hot,8676,1836,0.9880423641954219,4295,1415,0.6403757268525421,0.712128837443382,584,009_over_500,multi_response_requires_token_semantics_review,,,,,,
ADAS,visit,5,Q1TRIT,False,,,,,,,categorical_numeric_code_candidate,one_hot_or_numeric_review,5201,1440,0.5923015601867668,2758,1061,0.4112121663933204,0.5339708102667338,11,009_over_500,numeric_looking_code_requires_semantic_review,,,,,,
ADAS,visit,6,Q1TR2T,False,,,,,,,categorical_numeric_code_candidate,one_hot_or_numeric_review,5201,1440,0.5923015601867668,2758,1061,0.4112121663933204,0.5339708102667338,11,009_over_500,numeric_looking_code_requires_semantic_review,,,,,,
ADAS,visit,7,Q1TRT,False,,,,,,,categorical_numeric_code_candidate,one_hot_or_numeric_review,5201,1440,0.5923015601867668,2758,1061,0.4112121663933204,0.5339708102667338,11,009_over_500,numeric_looking_code_requires_semantic_review,,,,,,
ADAS,visit,8,Q1UNABLE,True,retain_harmonized,categorical,categorical_identity,assessment_completion_state,implicit_and_explicit_conducted_states_harmonized,A06_then_BENCHMARK04C,categorical_numeric_code_candidate,one_hot_or_numeric_review,8724,1836,0.9935087119918005,4312,1421,0.6429103921276279,0.7151484650226472,4,009_over_500,numeric_looking_code_requires_semantic_review|a06_semantic_directive_locked,,,,,,
ADAS,visit,9,Q2TASK,False,,,,,,,multi_response_candidate,multi_hot,8702,1836,0.991003302585127,4306,1419,0.6420158043834799,0.7141419224962254,25,009_over_500,multi_response_requires_token_semantics_review,,,,,,
ADAS,visit,10,Q2UNABLE,True,retain_harmonized,categorical,categorical_identity,assessment_completion_state,implicit_and_explicit_conducted_states_harmonized,A06_then_BENCHMARK04C,categorical_numeric_code_candidate,one_hot_or_numeric_review,8724,1836,0.9935087119918005,4312,1421,0.6429103921276279,0.7151484650226472,4,009_over_500,numeric_looking_code_requires_semantic_review|a06_semantic_directive_locked,,,,,,
ADAS,visit,11,Q3TASK1,False,,,,,,,categorical_numeric_code_candidate,one_hot_or_numeric_review,8681,1836,0.9886117754242114,4297,1416,0.6406739227672581,0.7126321087065929,2,009_over_500,numeric_looking_code_requires_semantic_review,,,,,,
ADAS,visit,12,Q3TASK2,False,,,,,,,categorical_numeric_code_candidate,one_hot_or_numeric_review,8615,1829,0.9810955472041909,4263,1407,0.6356045922170867,0.708102667337695,3,009_over_500,numeric_looking_code_requires_semantic_review,,,,,,
ADAS,visit,13,Q3TASK3,False,,,,,,,categorical_numeric_code_candidate,one_hot_or_numeric_review,8577,1833,0.9767680218653911,4241,1408,0.632324437155211,0.7086059386009059,3,009_over_500,numeric_looking_code_requires_semantic_review,,,,,,
ADAS,visit,14,Q3TASK4,False,,,,,,,categorical_numeric_code_candidate,one_hot_or_numeric_review,7475,1715,0.8512697870402004,3590,1269,0.5352616669151633,0.6386512330145949,3,009_over_500,numeric_looking_code_requires_semantic_review,,,,,,
ADAS,visit,15,Q3TASK5,False,,,,,,,binary_numeric_candidate,binary_or_one_hot_review,7,6,0.0007971757203052044,2,2,0.0002981959147159684,0.0010065425264217413,1,001_1_to_5,numeric_looking_code_requires_semantic_review|train_missingness_at_least_99_percent|low_train_participant_support_review|snapshot_train_observed_value_constant_missingness_may_vary,,,,,,
ADAS,visit,16,Q3UNABLE,True,retain_harmonized,categorical,categorical_identity,assessment_completion_state,implicit_and_explicit_conducted_states_harmonized,A06_then_BENCHMARK04C,categorical_numeric_code_candidate,one_hot_or_numeric_review,8724,1836,0.9935087119918005,4312,1421,0.6429103921276279,0.7151484650226472,4,009_over_500,numeric_looking_code_requires_semantic_review|a06_semantic_directive_locked,,,,,,
ADAS,visit,17,Q4TASK,False,,,,,,,multi_response_candidate,multi_hot,8215,1800,0.9355426489010363,4027,1359,0.6004174742806023,0.6839456467035733,806,009_over_500,multi_response_requires_token_semantics_review,,,,,,
ADAS,visit,18,Q4UNABLE,True,retain_harmonized,categorical,categorical_identity,assessment_completion_state,implicit_and_explicit_conducted_states_harmonized,A06_then_BENCHMARK04C,categorical_numeric_code_candidate,one_hot_or_numeric_review,8724,1836,0.9935087119918005,4312,1421,0.6429103921276279,0.7151484650226472,4,009_over_500,numeric_looking_code_requires_semantic_review|a06_semantic_directive_locked,,,,,,
ADAS,visit,19,Q5NAME1,False,,,,,,,categorical_numeric_code_candidate,one_hot_or_numeric_review,8701,1836,0.9908894203393691,4305,1419,0.641866706426122,0.7141419224962254,4,009_over_500,numeric_looking_code_requires_semantic_review,,,,,,
ADAS,visit,20,Q5NAME2,False,,,,,,,categorical_numeric_code_candidate,one_hot_or_numeric_review,8701,1836,0.9908894203393691,4305,1419,0.641866706426122,0.7141419224962254,4,009_over_500,numeric_looking_code_requires_semantic_review,,,,,,
ADAS,visit,21,Q5NAME3,False,,,,,,,categorical_numeric_code_candidate,one_hot_or_numeric_review,8701,1836,0.9908894203393691,4305,1419,0.641866706426122,0.7141419224962254,4,009_over_500,numeric_looking_code_requires_semantic_review,,,,,,
ADAS,visit,22,Q5NAME4,False,,,,,,,categorical_numeric_code_candidate,one_hot_or_numeric_review,8701,1836,0.9908894203393691,4305,1419,0.641866706426122,0.7141419224962254,4,009_over_500,numeric_looking_code_requires_semantic_review,,,,,,
ADAS,visit,23,Q5NAME5,False,,,,,,,categorical_numeric_code_candidate,one_hot_or_numeric_review,8701,1836,0.9908894203393691,4305,1419,0.641866706426122,0.7141419224962254,4,009_over_500,numeric_looking_code_requires_semantic_review,,,,,,
ADAS,visit,24,Q5NAME6,False,,,,,,,categorical_numeric_code_candidate,one_hot_or_numeric_review,8701,1836,0.9908894203393691,4305,1419,0.641866706426122,0.7141419224962254,4,009_over_500,numeric_looking_code_requires_semantic_review,,,,,,
ADAS,visit,25,Q5NAME7,False,,,,,,,categorical_numeric_code_candidate,one_hot_or_numeric_review,8701,1836,0.9908894203393691,4305,1419,0.641866706426122,0.7141419224962254,4,009_over_500,numeric_looking_code_requires_semantic_review,,,,,,
ADAS,visit,26,Q5NAME8,False,,,,,,,categorical_numeric_code_candidate,one_hot_or_numeric_review,8701,1836,0.9908894203393691,4305,1419,0.641866706426122,0.7141419224962254,4,009_over_500,numeric_looking_code_requires_semantic_review,,,,,,
ADAS,visit,27,Q5NAME9,False,,,,,,,categorical_numeric_code_candidate,one_hot_or_numeric_review,8701,1836,0.9908894203393691,4305,1419,0.641866706426122,0.7141419224962254,4,009_over_500,numeric_looking_code_requires_semantic_review,,,,,,
ADAS,visit,28,Q5NAME10,False,,,,,,,categorical_numeric_code_candidate,one_hot_or_numeric_review,8701,1836,0.9908894203393691,4305,1419,0.641866706426122,0.7141419224962254,4,009_over_500,numeric_looking_code_requires_semantic_review,,,,,,
ADAS,visit,29,Q5NAME11,False,,,,,,,categorical_numeric_code_candidate,one_hot_or_numeric_review,8701,1836,0.9908894203393691,4305,1419,0.641866706426122,0.7141419224962254,4,009_over_500,numeric_looking_code_requires_semantic_review,,,,,,
ADAS,visit,30,Q5NAME12,False,,,,,,,categorical_numeric_code_candidate,one_hot_or_numeric_review,8700,1835,0.9907755380936112,4305,1419,0.641866706426122,0.7141419224962254,4,009_over_500,numeric_looking_code_requires_semantic_review,,,,,,
ADAS,visit,31,Q5FINGER,False,,,,,,,multi_response_candidate,multi_hot,8699,1836,0.9906616558478534,4304,1419,0.641717608468764,0.7141419224962254,31,009_over_500,multi_response_requires_token_semantics_review,,,,,,
ADAS,visit,32,Q5UNABLE,True,retain_harmonized,categorical,categorical_identity,assessment_completion_state,implicit_and_explicit_conducted_states_harmonized,A06_then_BENCHMARK04C,categorical_numeric_code_candidate,one_hot_or_numeric_review,8724,1836,0.9935087119918005,4312,1421,0.6429103921276279,0.7151484650226472,4,009_over_500,numeric_looking_code_requires_semantic_review|a06_semantic_directive_locked,,,,,,
ADAS,visit,33,Q6TASK,False,,,,,,,multi_response_candidate,multi_hot,8693,1836,0.989978362373306,4304,1418,0.641717608468764,0.7136386512330146,29,009_over_500,multi_response_requires_token_semantics_review,,,,,,
ADAS,visit,34,Q6UNABLE,True,retain_harmonized,categorical,categorical_identity,assessment_completion_state,implicit_and_explicit_conducted_states_harmonized,A06_then_BENCHMARK04C,categorical_numeric_code_candidate,one_hot_or_numeric_review,8724,1836,0.9935087119918005,4312,1421,0.6429103921276279,0.7151484650226472,4,009_over_500,numeric_looking_code_requires_semantic_review|a06_semantic_directive_locked,,,,,,
ADAS,visit,35,Q7TASK,False,,,,,,,multi_response_candidate,multi_hot,8695,1836,0.9902061268648218,4303,1417,0.641568510511406,0.7131353799698037,139,009_over_500,multi_response_requires_token_semantics_review,,,,,,
ADAS,visit,36,Q7UNABLE,True,retain_harmonized,categorical,categorical_identity,assessment_completion_state,implicit_and_explicit_conducted_states_harmonized,A06_then_BENCHMARK04C,categorical_numeric_code_candidate,one_hot_or_numeric_review,8724,1836,0.9935087119918005,4312,1421,0.6429103921276279,0.7151484650226472,4,009_over_500,numeric_looking_code_requires_semantic_review|a06_semantic_directive_locked,,,,,,
ADAS,visit,37,Q8UNABLE,True,retain_harmonized,categorical,categorical_identity,assessment_completion_state,implicit_and_explicit_conducted_states_harmonized,A06_then_BENCHMARK04C,categorical_numeric_code_candidate,one_hot_or_numeric_review,8724,1836,0.9935087119918005,4312,1421,0.6429103921276279,0.7151484650226472,4,009_over_500,numeric_looking_code_requires_semantic_review|a06_semantic_directive_locked,,,,,,
ADAS,visit,38,Q13TASKA,False,,,,,,,numeric_candidate,numeric_median_imputation,8641,1835,0.9840564855938959,4285,1414,0.6388847472789623,0.7116255661801711,40,009_over_500,,,,,,,
ADAS,visit,39,Q13TASKB,False,,,,,,,numeric_candidate,numeric_median_imputation,8641,1835,0.9840564855938959,4285,1414,0.6388847472789623,0.7116255661801711,20,009_over_500,,,,,,,
ADAS,visit,40,Q13TASKC,False,,,,,,,categorical_numeric_code_candidate,one_hot_or_numeric_review,8641,1835,0.9840564855938959,4285,1414,0.6388847472789623,0.7116255661801711,8,009_over_500,numeric_looking_code_requires_semantic_review,,,,,,
ADAS,visit,41,Q13UNABLE,True,retain_harmonized,categorical,categorical_identity,assessment_completion_state,implicit_and_explicit_conducted_states_harmonized,A06_then_BENCHMARK04C,categorical_numeric_code_candidate,one_hot_or_numeric_review,8724,1836,0.9935087119918005,4312,1421,0.6429103921276279,0.7151484650226472,5,009_over_500,numeric_looking_code_requires_semantic_review|a06_semantic_directive_locked,,,,,,
ADAS,visit,42,Q1SCORE,False,,,,,,,numeric_candidate,numeric_median_imputation,8710,1835,0.9919143605511901,4310,1420,0.6426121962129119,0.7146451937594364,52,009_over_500,,,,,,,
ADAS,visit,43,Q2SCORE,False,,,,,,,categorical_numeric_code_candidate,one_hot_or_numeric_review,8705,1835,0.9913449493224007,4308,1420,0.642314000298196,0.7146451937594364,6,009_over_500,numeric_looking_code_requires_semantic_review,,,,,,
ADAS,visit,44,Q3SCORE,False,,,,,,,categorical_numeric_code_candidate,one_hot_or_numeric_review,8704,1835,0.9912310670766428,4308,1420,0.642314000298196,0.7146451937594364,6,009_over_500,numeric_looking_code_requires_semantic_review,,,,,,
ADAS,visit,45,Q4SCORE,False,,,,,,,categorical_numeric_code_candidate,one_hot_or_numeric_review,8692,1835,0.9898644801275481,4303,1420,0.641568510511406,0.7146451937594364,11,009_over_500,numeric_looking_code_requires_semantic_review,,,,,,
ADAS,visit,46,Q5SCORE,False,,,,,,,categorical_numeric_code_candidate,one_hot_or_numeric_review,8701,1835,0.9908894203393691,4306,1420,0.6420158043834799,0.7146451937594364,6,009_over_500,numeric_looking_code_requires_semantic_review,,,,,,
ADAS,visit,47,Q5SCORE_CUE,False,,,,,,,categorical_numeric_code_candidate,one_hot_or_numeric_review,2608,947,0.29700489693656756,1181,587,0.17608468763977933,0.2954202315047811,6,009_over_500,numeric_looking_code_requires_semantic_review,,,,,,
ADAS,visit,48,Q6SCORE,False,,,,,,,categorical_numeric_code_candidate,one_hot_or_numeric_review,8700,1835,0.9907755380936112,4307,1419,0.6421649023408379,0.7141419224962254,6,009_over_500,numeric_looking_code_requires_semantic_review,,,,,,
ADAS,visit,49,Q7SCORE,False,,,,,,,categorical_numeric_code_candidate,one_hot_or_numeric_review,8699,1835,0.9906616558478534,4306,1418,0.6420158043834799,0.7136386512330146,9,009_over_500,numeric_looking_code_requires_semantic_review,,,,,,
ADAS,visit,50,Q8SCORE,False,,,,,,,categorical_numeric_code_candidate,one_hot_or_numeric_review,8682,1835,0.9887256576699692,4301,1417,0.64127031459669,0.7131353799698037,13,009_over_500,numeric_looking_code_requires_semantic_review,,,,,,
ADAS,visit,51,Q9SCORE,True,retain_retype,categorical,categorical_identity,ordinal_clinical_severity_score,low_cardinality_ordinal_one_hot_policy,BENCHMARK04C,categorical_numeric_code_candidate,one_hot_or_numeric_review,8680,1835,0.9884978931784535,4301,1417,0.64127031459669,0.7131353799698037,6,009_over_500,numeric_looking_code_requires_semantic_review|a06_semantic_directive_locked,,,,,,
ADAS,visit,52,Q10SCORE,True,retain_retype,categorical,categorical_identity,ordinal_clinical_severity_score,low_cardinality_ordinal_one_hot_policy,BENCHMARK04C,categorical_numeric_code_candidate,one_hot_or_numeric_review,8705,1835,0.9913449493224007,4307,1421,0.6421649023408379,0.7151484650226472,5,009_over_500,numeric_looking_code_requires_semantic_review|a06_semantic_directive_locked,,,,,,
ADAS,visit,53,Q11SCORE,True,retain_retype,categorical,categorical_identity,ordinal_clinical_severity_score,low_cardinality_ordinal_one_hot_policy,BENCHMARK04C,categorical_numeric_code_candidate,one_hot_or_numeric_review,8704,1835,0.9912310670766428,4307,1421,0.6421649023408379,0.7151484650226472,6,009_over_500,numeric_looking_code_requires_semantic_review|a06_semantic_directive_locked,,,,,,
ADAS,visit,54,Q12SCORE,True,retain_retype,categorical,categorical_identity,ordinal_clinical_severity_score,low_cardinality_ordinal_one_hot_policy,BENCHMARK04C,categorical_numeric_code_candidate,one_hot_or_numeric_review,8705,1835,0.9913449493224007,4307,1421,0.6421649023408379,0.7151484650226472,6,009_over_500,numeric_looking_code_requires_semantic_review|a06_semantic_directive_locked,,,,,,
ADAS,visit,55,Q13SCORE,False,,,,,,,categorical_numeric_code_candidate,one_hot_or_numeric_review,8636,1834,0.9834870743651065,4282,1414,0.6384374534068883,0.7116255661801711,6,009_over_500,numeric_looking_code_requires_semantic_review,,,,,,
ADAS,visit,56,TOTSCORE,False,,,,,,,numeric_candidate,numeric_median_imputation,8667,1835,0.9870174239836009,4295,1416,0.6403757268525421,0.7126321087065929,214,009_over_500,,,,,,,
ADAS,visit,57,TOTAL13,False,,,,,,,numeric_candidate,numeric_median_imputation,8593,1834,0.9785901377975174,4265,1411,0.6359027881318026,0.7101157523905385,278,009_over_500,,,,,,,
APOERES,participant,1,GENOTYPE,True,retain,categorical,categorical_identity,apoe_genotype_category,six_category_domain_validated_fail_closed,A06/BENCHMARK04C,categorical_candidate,one_hot,1814,1814,1.0,6531,1814,0.9737587595049948,0.9129340714645193,6,009_over_500,a06_semantic_directive_locked,,,,,,
CDR,visit,1,CDMEMORY,True,retain_retype,categorical,categorical_identity,ordered_clinical_stage,low_cardinality_ordinal_one_hot_policy,BENCHMARK04C,numeric_candidate,numeric_median_imputation,9150,1986,0.9993446920052425,5452,1857,0.8128820635157298,0.9345747357825868,6,009_over_500,a06_semantic_directive_locked,,,,,,
CDR,visit,2,CDORIENT,True,retain_retype,categorical,categorical_identity,ordered_clinical_stage,low_cardinality_ordinal_one_hot_policy,BENCHMARK04C,numeric_candidate,numeric_median_imputation,9150,1986,0.9993446920052425,5452,1857,0.8128820635157298,0.9345747357825868,6,009_over_500,a06_semantic_directive_locked,,,,,,
CDR,visit,3,CDJUDGE,True,retain_retype,categorical,categorical_identity,ordered_clinical_stage,low_cardinality_ordinal_one_hot_policy,BENCHMARK04C,numeric_candidate,numeric_median_imputation,9150,1986,0.9993446920052425,5452,1857,0.8128820635157298,0.9345747357825868,6,009_over_500,a06_semantic_directive_locked,,,,,,
CDR,visit,4,CDCOMMUN,True,retain_retype,categorical,categorical_identity,ordered_clinical_stage,low_cardinality_ordinal_one_hot_policy,BENCHMARK04C,numeric_candidate,numeric_median_imputation,9149,1986,0.9992354740061162,5452,1857,0.8128820635157298,0.9345747357825868,6,009_over_500,a06_semantic_directive_locked,,,,,,
CDR,visit,5,CDHOME,True,retain_retype,categorical,categorical_identity,ordered_clinical_stage,low_cardinality_ordinal_one_hot_policy,BENCHMARK04C,numeric_candidate,numeric_median_imputation,9149,1986,0.9992354740061162,5452,1857,0.8128820635157298,0.9345747357825868,6,009_over_500,a06_semantic_directive_locked,,,,,,
CDR,visit,6,CDCARE,True,retain_retype,categorical,categorical_identity,ordered_clinical_stage,low_cardinality_ordinal_one_hot_policy,BENCHMARK04C,categorical_numeric_code_candidate,one_hot_or_numeric_review,9149,1985,0.9992354740061162,5451,1856,0.8127329655583718,0.934071464519376,5,009_over_500,numeric_looking_code_requires_semantic_review|a06_semantic_directive_locked,,,,,,
CDR,visit,7,CDGLOBAL,True,retain_retype,categorical,categorical_identity,ordered_clinical_stage,low_cardinality_ordinal_one_hot_policy,BENCHMARK04C,numeric_candidate,numeric_median_imputation,9144,1986,0.9986893840104849,5450,1857,0.8125838676010139,0.9345747357825868,6,009_over_500,a06_semantic_directive_locked,,,,,,
CDR,visit,8,CDRSB,True,retain,numeric,numeric_identity,official_sum_of_boxes_score,retain_official_summary_score_as_numeric,BENCHMARK04C,numeric_candidate,numeric_median_imputation,9072,1985,0.9908256880733946,5416,1856,0.8075145370508424,0.934071464519376,27,009_over_500,a06_semantic_directive_locked,,,,,,
FAQ,visit,1,FAQFINAN,True,retain_transform_retype,categorical,faq_official_item_score_map,officially_scored_functional_item,apply_official_0_to_3_scoring_then_one_hot,BENCHMARK04C/BENCHMARK05,categorical_numeric_code_candidate,one_hot_or_numeric_review,8940,1831,0.9947702236563926,4275,1413,0.6373937677053825,0.7111222949169602,6,009_over_500,numeric_looking_code_requires_semantic_review|a06_semantic_directive_locked,,,,,,
FAQ,visit,2,FAQFORM,True,retain_transform_retype,categorical,faq_official_item_score_map,officially_scored_functional_item,apply_official_0_to_3_scoring_then_one_hot,BENCHMARK04C/BENCHMARK05,categorical_numeric_code_candidate,one_hot_or_numeric_review,8941,1831,0.9948814954934906,4277,1414,0.6376919636200984,0.7116255661801711,6,009_over_500,numeric_looking_code_requires_semantic_review|a06_semantic_directive_locked,,,,,,
FAQ,visit,3,FAQSHOP,True,retain_transform_retype,categorical,faq_official_item_score_map,officially_scored_functional_item,apply_official_0_to_3_scoring_then_one_hot,BENCHMARK04C/BENCHMARK05,categorical_numeric_code_candidate,one_hot_or_numeric_review,8945,1831,0.9953265828418827,4280,1414,0.6381392574921724,0.7116255661801711,6,009_over_500,numeric_looking_code_requires_semantic_review|a06_semantic_directive_locked,,,,,,
FAQ,visit,4,FAQGAME,True,retain_transform_retype,categorical,faq_official_item_score_map,officially_scored_functional_item,apply_official_0_to_3_scoring_then_one_hot,BENCHMARK04C/BENCHMARK05,categorical_numeric_code_candidate,one_hot_or_numeric_review,8940,1831,0.9947702236563926,4276,1414,0.6375428656627404,0.7116255661801711,6,009_over_500,numeric_looking_code_requires_semantic_review|a06_semantic_directive_locked,,,,,,
FAQ,visit,5,FAQBEVG,True,retain_transform_retype,categorical,faq_official_item_score_map,officially_scored_functional_item,apply_official_0_to_3_scoring_then_one_hot,BENCHMARK04C/BENCHMARK05,categorical_numeric_code_candidate,one_hot_or_numeric_review,8945,1831,0.9953265828418827,4279,1414,0.6379901595348144,0.7116255661801711,6,009_over_500,numeric_looking_code_requires_semantic_review|a06_semantic_directive_locked,,,,,,
FAQ,visit,6,FAQMEAL,True,retain_transform_retype,categorical,faq_official_item_score_map,officially_scored_functional_item,apply_official_0_to_3_scoring_then_one_hot,BENCHMARK04C/BENCHMARK05,categorical_numeric_code_candidate,one_hot_or_numeric_review,8942,1831,0.9949927673305886,4279,1414,0.6379901595348144,0.7116255661801711,6,009_over_500,numeric_looking_code_requires_semantic_review|a06_semantic_directive_locked,,,,,,
FAQ,visit,7,FAQEVENT,True,retain_transform_retype,categorical,faq_official_item_score_map,officially_scored_functional_item,apply_official_0_to_3_scoring_then_one_hot,BENCHMARK04C/BENCHMARK05,categorical_numeric_code_candidate,one_hot_or_numeric_review,8947,1831,0.9955491265160787,4280,1414,0.6381392574921724,0.7116255661801711,6,009_over_500,numeric_looking_code_requires_semantic_review|a06_semantic_directive_locked,,,,,,
FAQ,visit,8,FAQTV,True,retain_transform_retype,categorical,faq_official_item_score_map,officially_scored_functional_item,apply_official_0_to_3_scoring_then_one_hot,BENCHMARK04C/BENCHMARK05,categorical_numeric_code_candidate,one_hot_or_numeric_review,8944,1831,0.9952153110047847,4279,1414,0.6379901595348144,0.7116255661801711,6,009_over_500,numeric_looking_code_requires_semantic_review|a06_semantic_directive_locked,,,,,,
FAQ,visit,9,FAQREM,True,retain_transform_retype,categorical,faq_official_item_score_map,officially_scored_functional_item,apply_official_0_to_3_scoring_then_one_hot,BENCHMARK04C/BENCHMARK05,categorical_numeric_code_candidate,one_hot_or_numeric_review,8946,1831,0.9954378546789807,4277,1413,0.6376919636200984,0.7111222949169602,6,009_over_500,numeric_looking_code_requires_semantic_review|a06_semantic_directive_locked,,,,,,
FAQ,visit,10,FAQTRAVL,True,retain_transform_retype,categorical,faq_official_item_score_map,officially_scored_functional_item,apply_official_0_to_3_scoring_then_one_hot,BENCHMARK04C/BENCHMARK05,categorical_numeric_code_candidate,one_hot_or_numeric_review,8940,1831,0.9947702236563926,4277,1413,0.6376919636200984,0.7111222949169602,6,009_over_500,numeric_looking_code_requires_semantic_review|a06_semantic_directive_locked,,,,,,
FAQ,visit,11,FAQTOTAL,True,retain,numeric,numeric_identity,official_summary_score,retain_official_summary_score_policy,BENCHMARK04C,numeric_candidate,numeric_median_imputation,8914,1831,0.9918771558918438,4267,1412,0.6362009840465186,0.7106190236537494,31,009_over_500,a06_semantic_directive_locked,,,,,,
MMSE,visit,1,DONE,False,,,,,,,binary_numeric_candidate,binary_or_one_hot_review,2769,1048,0.31046081399260006,1893,994,0.2822424332786641,0.5002516356316055,2,009_over_500,numeric_looking_code_requires_semantic_review,,,,,,
MMSE,visit,2,MMDATE,False,,,,,,,binary_numeric_candidate,binary_or_one_hot_review,8865,1987,0.9939455095862765,5454,1858,0.8131802594304458,0.9350780070457977,2,009_over_500,date_or_time_name_pattern|numeric_looking_code_requires_semantic_review,,,,,,
MMSE,visit,3,MMYEAR,False,,,,,,,binary_numeric_candidate,binary_or_one_hot_review,8866,1987,0.9940576297791233,5454,1858,0.8131802594304458,0.9350780070457977,2,009_over_500,date_or_time_name_pattern|numeric_looking_code_requires_semantic_review,,,,,,
MMSE,visit,4,MMMONTH,False,,,,,,,binary_numeric_candidate,binary_or_one_hot_review,8864,1987,0.9938333893934298,5453,1858,0.8130311614730878,0.9350780070457977,2,009_over_500,date_or_time_name_pattern|numeric_looking_code_requires_semantic_review,,,,,,
MMSE,visit,5,MMDAY,False,,,,,,,binary_numeric_candidate,binary_or_one_hot_review,8865,1987,0.9939455095862765,5454,1858,0.8131802594304458,0.9350780070457977,2,009_over_500,date_or_time_name_pattern|numeric_looking_code_requires_semantic_review,,,,,,
MMSE,visit,6,MMSEASON,False,,,,,,,binary_numeric_candidate,binary_or_one_hot_review,8866,1987,0.9940576297791233,5454,1858,0.8131802594304458,0.9350780070457977,2,009_over_500,numeric_looking_code_requires_semantic_review,,,,,,
MMSE,visit,7,MMHOSPIT,False,,,,,,,binary_numeric_candidate,binary_or_one_hot_review,8865,1987,0.9939455095862765,5454,1858,0.8131802594304458,0.9350780070457977,2,009_over_500,numeric_looking_code_requires_semantic_review,,,,,,
MMSE,visit,8,MMFLOOR,False,,,,,,,binary_numeric_candidate,binary_or_one_hot_review,8865,1987,0.9939455095862765,5453,1858,0.8130311614730878,0.9350780070457977,2,009_over_500,numeric_looking_code_requires_semantic_review,,,,,,
MMSE,visit,9,MMCITY,False,,,,,,,binary_numeric_candidate,binary_or_one_hot_review,8865,1987,0.9939455095862765,5454,1858,0.8131802594304458,0.9350780070457977,2,009_over_500,numeric_looking_code_requires_semantic_review,,,,,,
MMSE,visit,10,MMAREA,False,,,,,,,binary_numeric_candidate,binary_or_one_hot_review,8866,1987,0.9940576297791233,5454,1858,0.8131802594304458,0.9350780070457977,2,009_over_500,numeric_looking_code_requires_semantic_review,,,,,,
MMSE,visit,11,MMSTATE,False,,,,,,,binary_numeric_candidate,binary_or_one_hot_review,8866,1987,0.9940576297791233,5454,1858,0.8131802594304458,0.9350780070457977,2,009_over_500,numeric_looking_code_requires_semantic_review,,,,,,
MMSE,visit,12,WORD1,False,,,,,,,binary_numeric_candidate,binary_or_one_hot_review,8864,1987,0.9938333893934298,5454,1858,0.8131802594304458,0.9350780070457977,2,009_over_500,numeric_looking_code_requires_semantic_review,,,,,,
MMSE,visit,13,WORD2,False,,,,,,,binary_numeric_candidate,binary_or_one_hot_review,8864,1987,0.9938333893934298,5454,1858,0.8131802594304458,0.9350780070457977,2,009_over_500,numeric_looking_code_requires_semantic_review,,,,,,
MMSE,visit,14,WORD3,False,,,,,,,binary_numeric_candidate,binary_or_one_hot_review,8863,1987,0.993721269200583,5454,1858,0.8131802594304458,0.9350780070457977,2,009_over_500,numeric_looking_code_requires_semantic_review,,,,,,
MMSE,visit,15,MMTRIALS,False,,,,,,,categorical_numeric_code_candidate,one_hot_or_numeric_review,6141,1226,0.6885301042717793,3566,1080,0.5316833159385717,0.5435329642677403,6,009_over_500,numeric_looking_code_requires_semantic_review,,,,,,
MMSE,visit,16,WORD1DL,False,,,,,,,binary_numeric_candidate,binary_or_one_hot_review,8863,1987,0.993721269200583,5454,1858,0.8131802594304458,0.9350780070457977,2,009_over_500,numeric_looking_code_requires_semantic_review,,,,,,
MMSE,visit,17,WORD2DL,False,,,,,,,binary_numeric_candidate,binary_or_one_hot_review,8861,1987,0.9934970288148895,5452,1858,0.8128820635157298,0.9350780070457977,2,009_over_500,numeric_looking_code_requires_semantic_review,,,,,,
MMSE,visit,18,WORD3DL,False,,,,,,,binary_numeric_candidate,binary_or_one_hot_review,8859,1987,0.9932727884291961,5452,1858,0.8128820635157298,0.9350780070457977,2,009_over_500,numeric_looking_code_requires_semantic_review,,,,,,
MMSE,visit,19,MMWATCH,False,,,,,,,binary_numeric_candidate,binary_or_one_hot_review,8863,1987,0.993721269200583,5454,1858,0.8131802594304458,0.9350780070457977,2,009_over_500,numeric_looking_code_requires_semantic_review,,,,,,
MMSE,visit,20,MMPENCIL,False,,,,,,,binary_numeric_candidate,binary_or_one_hot_review,8862,1987,0.9936091490077363,5454,1858,0.8131802594304458,0.9350780070457977,2,009_over_500,numeric_looking_code_requires_semantic_review,,,,,,
MMSE,visit,21,MMREPEAT,False,,,,,,,binary_numeric_candidate,binary_or_one_hot_review,8862,1987,0.9936091490077363,5454,1858,0.8131802594304458,0.9350780070457977,2,009_over_500,numeric_looking_code_requires_semantic_review,,,,,,
MMSE,visit,22,MMHAND,False,,,,,,,binary_numeric_candidate,binary_or_one_hot_review,8862,1987,0.9936091490077363,5454,1858,0.8131802594304458,0.9350780070457977,2,009_over_500,numeric_looking_code_requires_semantic_review,,,,,,
MMSE,visit,23,MMFOLD,False,,,,,,,binary_numeric_candidate,binary_or_one_hot_review,8861,1987,0.9934970288148895,5454,1858,0.8131802594304458,0.9350780070457977,2,009_over_500,numeric_looking_code_requires_semantic_review,,,,,,
MMSE,visit,24,MMONFLR,False,,,,,,,binary_numeric_candidate,binary_or_one_hot_review,8860,1987,0.9933849086220429,5453,1858,0.8130311614730878,0.9350780070457977,2,009_over_500,numeric_looking_code_requires_semantic_review,,,,,,
MMSE,visit,25,MMREAD,False,,,,,,,binary_numeric_candidate,binary_or_one_hot_review,8863,1987,0.993721269200583,5454,1858,0.8131802594304458,0.9350780070457977,2,009_over_500,numeric_looking_code_requires_semantic_review,,,,,,
MMSE,visit,26,MMWRITE,False,,,,,,,binary_numeric_candidate,binary_or_one_hot_review,8863,1987,0.993721269200583,5454,1858,0.8131802594304458,0.9350780070457977,2,009_over_500,numeric_looking_code_requires_semantic_review,,,,,,
MMSE,visit,27,MMDRAW,False,,,,,,,binary_numeric_candidate,binary_or_one_hot_review,8861,1987,0.9934970288148895,5453,1858,0.8130311614730878,0.9350780070457977,2,009_over_500,numeric_looking_code_requires_semantic_review,,,,,,
MMSE,visit,28,MMSCORE,True,retain,numeric,numeric_identity,official_summary_score,retain_official_summary_score_policy,BENCHMARK04C,numeric_candidate,numeric_median_imputation,8852,1987,0.992487947079269,5452,1858,0.8128820635157298,0.9350780070457977,28,009_over_500,a06_semantic_directive_locked,,,,,,
MMSE,visit,29,MM_WORLD_SCORE,True,derive_retain,numeric,numeric_identity,harmonized_world_backwards_score,canonical_0_to_5_cross_phase_representation,A06,categorical_numeric_code_candidate,one_hot_or_numeric_review,8853,1987,0.9926000672721157,5451,1858,0.8127329655583718,0.9350780070457977,6,009_over_500,numeric_looking_code_requires_semantic_review|a06_semantic_directive_locked,,,,,,
MOCA,visit,1,TRAILS,False,,,,,,,binary_numeric_candidate,binary_or_one_hot_review,6085,1487,0.9983593109105825,2720,1037,0.40554644401371703,0.5218922999496729,2,009_over_500,numeric_looking_code_requires_semantic_review,,,,,,
MOCA,visit,2,CUBE,False,,,,,,,binary_numeric_candidate,binary_or_one_hot_review,6085,1487,0.9983593109105825,2721,1039,0.405695541971075,0.5228988424760946,2,009_over_500,numeric_looking_code_requires_semantic_review,,,,,,
MOCA,visit,3,CLOCKCON,False,,,,,,,binary_numeric_candidate,binary_or_one_hot_review,6078,1487,0.9972108285479901,2717,1035,0.40509915014164305,0.5208857574232512,2,009_over_500,numeric_looking_code_requires_semantic_review,,,,,,
MOCA,visit,4,CLOCKNO,False,,,,,,,binary_numeric_candidate,binary_or_one_hot_review,6076,1487,0.9968826907301066,2717,1035,0.40509915014164305,0.5208857574232512,2,009_over_500,numeric_looking_code_requires_semantic_review,,,,,,
MOCA,visit,5,CLOCKHAN,False,,,,,,,binary_numeric_candidate,binary_or_one_hot_review,6075,1487,0.9967186218211649,2717,1035,0.40509915014164305,0.5208857574232512,2,009_over_500,numeric_looking_code_requires_semantic_review,,,,,,
MOCA,visit,6,LION,False,,,,,,,binary_numeric_candidate,binary_or_one_hot_review,6088,1487,0.9988515176374078,2721,1038,0.405695541971075,0.5223955712128837,2,009_over_500,numeric_looking_code_requires_semantic_review,,,,,,
MOCA,visit,7,RHINO,False,,,,,,,binary_numeric_candidate,binary_or_one_hot_review,6087,1487,0.9986874487284659,2721,1038,0.405695541971075,0.5223955712128837,2,009_over_500,numeric_looking_code_requires_semantic_review,,,,,,
MOCA,visit,8,CAMEL,False,,,,,,,binary_numeric_candidate,binary_or_one_hot_review,6088,1487,0.9988515176374078,2721,1038,0.405695541971075,0.5223955712128837,2,009_over_500,numeric_looking_code_requires_semantic_review,,,,,,
MOCA,visit,9,IMMT1W1,False,,,,,,,binary_numeric_candidate,binary_or_one_hot_review,6071,1486,0.9960623461853979,2715,1036,0.4048009542269271,0.521389028686462,2,009_over_500,numeric_looking_code_requires_semantic_review,,,,,,
MOCA,visit,10,IMMT1W2,False,,,,,,,binary_numeric_candidate,binary_or_one_hot_review,6069,1487,0.9957342083675144,2713,1037,0.4045027583122111,0.5218922999496729,2,009_over_500,numeric_looking_code_requires_semantic_review,,,,,,
MOCA,visit,11,IMMT1W3,False,,,,,,,binary_numeric_candidate,binary_or_one_hot_review,6064,1486,0.9949138638228056,2713,1037,0.4045027583122111,0.5218922999496729,2,009_over_500,numeric_looking_code_requires_semantic_review,,,,,,
MOCA,visit,12,IMMT1W4,False,,,,,,,binary_numeric_candidate,binary_or_one_hot_review,6068,1487,0.9955701394585726,2710,1036,0.4040554644401372,0.521389028686462,2,009_over_500,numeric_looking_code_requires_semantic_review,,,,,,
MOCA,visit,13,IMMT1W5,False,,,,,,,binary_numeric_candidate,binary_or_one_hot_review,6079,1487,0.9973748974569319,2718,1038,0.40524824809900106,0.5223955712128837,2,009_over_500,numeric_looking_code_requires_semantic_review,,,,,,
MOCA,visit,14,IMMT2W1,False,,,,,,,binary_numeric_candidate,binary_or_one_hot_review,6063,1487,0.9947497949138638,2712,1035,0.40435366035485315,0.5208857574232512,2,009_over_500,numeric_looking_code_requires_semantic_review,,,,,,
MOCA,visit,15,IMMT2W2,False,,,,,,,binary_numeric_candidate,binary_or_one_hot_review,6067,1487,0.9954060705496308,2713,1035,0.4045027583122111,0.5208857574232512,2,009_over_500,numeric_looking_code_requires_semantic_review,,,,,,
MOCA,visit,16,IMMT2W3,False,,,,,,,binary_numeric_candidate,binary_or_one_hot_review,6065,1487,0.9950779327317474,2713,1037,0.4045027583122111,0.5218922999496729,2,009_over_500,numeric_looking_code_requires_semantic_review,,,,,,
MOCA,visit,17,IMMT2W4,False,,,,,,,binary_numeric_candidate,binary_or_one_hot_review,6063,1486,0.9947497949138638,2711,1037,0.40420456239749514,0.5218922999496729,2,009_over_500,numeric_looking_code_requires_semantic_review,,,,,,
MOCA,visit,18,IMMT2W5,False,,,,,,,binary_numeric_candidate,binary_or_one_hot_review,6071,1487,0.9960623461853979,2717,1037,0.40509915014164305,0.5218922999496729,2,009_over_500,numeric_looking_code_requires_semantic_review,,,,,,
MOCA,visit,19,DIGFOR,False,,,,,,,binary_numeric_candidate,binary_or_one_hot_review,6087,1487,0.9986874487284659,2721,1039,0.405695541971075,0.5228988424760946,2,009_over_500,numeric_looking_code_requires_semantic_review,,,,,,
MOCA,visit,20,DIGBACK,False,,,,,,,binary_numeric_candidate,binary_or_one_hot_review,6085,1487,0.9983593109105825,2721,1039,0.405695541971075,0.5228988424760946,2,009_over_500,numeric_looking_code_requires_semantic_review,,,,,,
MOCA,visit,21,LETTERS,False,,,,,,,numeric_candidate,numeric_median_imputation,6070,1486,0.9958982772764561,2714,1037,0.4046518562695691,0.5218922999496729,18,009_over_500,,,,,,,
MOCA,visit,22,SERIAL1,False,,,,,,,binary_numeric_candidate,binary_or_one_hot_review,6068,1487,0.9955701394585726,2715,1037,0.4048009542269271,0.5218922999496729,2,009_over_500,numeric_looking_code_requires_semantic_review,,,,,,
MOCA,visit,23,SERIAL2,False,,,,,,,binary_numeric_candidate,binary_or_one_hot_review,6054,1487,0.993273174733388,2709,1035,0.40390636648277917,0.5208857574232512,2,009_over_500,numeric_looking_code_requires_semantic_review,,,,,,
MOCA,visit,24,SERIAL3,False,,,,,,,binary_numeric_candidate,binary_or_one_hot_review,6044,1485,0.9916324856439704,2705,1033,0.4033099746533472,0.5198792148968294,2,009_over_500,numeric_looking_code_requires_semantic_review,,,,,,
MOCA,visit,25,SERIAL4,False,,,,,,,binary_numeric_candidate,binary_or_one_hot_review,6043,1485,0.9914684167350287,2705,1033,0.4033099746533472,0.5198792148968294,2,009_over_500,numeric_looking_code_requires_semantic_review,,,,,,
MOCA,visit,26,SERIAL5,False,,,,,,,binary_numeric_candidate,binary_or_one_hot_review,6041,1485,0.9911402789171452,2705,1033,0.4033099746533472,0.5198792148968294,2,009_over_500,numeric_looking_code_requires_semantic_review,,,,,,
MOCA,visit,27,REPEAT1,False,,,,,,,binary_numeric_candidate,binary_or_one_hot_review,6086,1487,0.9985233798195242,2720,1038,0.40554644401371703,0.5223955712128837,2,009_over_500,numeric_looking_code_requires_semantic_review,,,,,,
MOCA,visit,28,REPEAT2,False,,,,,,,binary_numeric_candidate,binary_or_one_hot_review,6086,1487,0.9985233798195242,2720,1038,0.40554644401371703,0.5223955712128837,2,009_over_500,numeric_looking_code_requires_semantic_review,,,,,,
MOCA,visit,29,FFLUENCY,False,,,,,,,numeric_candidate,numeric_median_imputation,6078,1487,0.9972108285479901,2714,1038,0.4046518562695691,0.5223955712128837,31,009_over_500,,,,,,,
MOCA,visit,30,ABSTRAN,False,,,,,,,binary_numeric_candidate,binary_or_one_hot_review,6076,1487,0.9968826907301066,2718,1038,0.40524824809900106,0.5223955712128837,2,009_over_500,numeric_looking_code_requires_semantic_review,,,,,,
MOCA,visit,31,ABSMEAS,False,,,,,,,binary_numeric_candidate,binary_or_one_hot_review,6075,1487,0.9967186218211649,2718,1038,0.40524824809900106,0.5223955712128837,2,009_over_500,numeric_looking_code_requires_semantic_review,,,,,,
MOCA,visit,32,DELW1,True,retain,categorical,categorical_identity,delayed_recall_response_or_cue_mode,distinct_response_modes_not_linear_scale,BENCHMARK04C,categorical_numeric_code_candidate,one_hot_or_numeric_review,6067,1487,0.9954060705496308,2710,1037,0.4040554644401372,0.5218922999496729,4,009_over_500,numeric_looking_code_requires_semantic_review|a06_semantic_directive_locked,,,,,,
MOCA,visit,33,DELW2,True,retain,categorical,categorical_identity,delayed_recall_response_or_cue_mode,distinct_response_modes_not_linear_scale,BENCHMARK04C,categorical_numeric_code_candidate,one_hot_or_numeric_review,6070,1487,0.9958982772764561,2711,1038,0.40420456239749514,0.5223955712128837,4,009_over_500,numeric_looking_code_requires_semantic_review|a06_semantic_directive_locked,,,,,,
MOCA,visit,34,DELW3,True,retain,categorical,categorical_identity,delayed_recall_response_or_cue_mode,distinct_response_modes_not_linear_scale,BENCHMARK04C,categorical_numeric_code_candidate,one_hot_or_numeric_review,6066,1487,0.9952420016406891,2711,1038,0.40420456239749514,0.5223955712128837,4,009_over_500,numeric_looking_code_requires_semantic_review|a06_semantic_directive_locked,,,,,,
MOCA,visit,35,DELW4,True,retain,categorical,categorical_identity,delayed_recall_response_or_cue_mode,distinct_response_modes_not_linear_scale,BENCHMARK04C,categorical_numeric_code_candidate,one_hot_or_numeric_review,6061,1487,0.9944216570959803,2708,1037,0.4037572685254212,0.5218922999496729,4,009_over_500,numeric_looking_code_requires_semantic_review|a06_semantic_directive_locked,,,,,,
MOCA,visit,36,DELW5,True,retain,categorical,categorical_identity,delayed_recall_response_or_cue_mode,distinct_response_modes_not_linear_scale,BENCHMARK04C,categorical_numeric_code_candidate,one_hot_or_numeric_review,6067,1487,0.9954060705496308,2708,1037,0.4037572685254212,0.5218922999496729,4,009_over_500,numeric_looking_code_requires_semantic_review|a06_semantic_directive_locked,,,,,,
MOCA,visit,37,DATE,False,,,,,,,binary_numeric_candidate,binary_or_one_hot_review,6079,1487,0.9973748974569319,2714,1039,0.4046518562695691,0.5228988424760946,2,009_over_500,date_or_time_name_pattern|numeric_looking_code_requires_semantic_review,,,,,,
MOCA,visit,38,MONTH,False,,,,,,,binary_numeric_candidate,binary_or_one_hot_review,6079,1487,0.9973748974569319,2714,1039,0.4046518562695691,0.5228988424760946,2,009_over_500,date_or_time_name_pattern|numeric_looking_code_requires_semantic_review,,,,,,
MOCA,visit,39,YEAR,False,,,,,,,binary_numeric_candidate,binary_or_one_hot_review,6079,1487,0.9973748974569319,2714,1039,0.4046518562695691,0.5228988424760946,2,009_over_500,date_or_time_name_pattern|numeric_looking_code_requires_semantic_review,,,,,,
MOCA,visit,40,DAY,False,,,,,,,binary_numeric_candidate,binary_or_one_hot_review,6076,1487,0.9968826907301066,2713,1039,0.4045027583122111,0.5228988424760946,2,009_over_500,date_or_time_name_pattern|numeric_looking_code_requires_semantic_review,,,,,,
MOCA,visit,41,PLACE,False,,,,,,,binary_numeric_candidate,binary_or_one_hot_review,6077,1487,0.9970467596390484,2712,1039,0.40435366035485315,0.5228988424760946,2,009_over_500,numeric_looking_code_requires_semantic_review,,,,,,
MOCA,visit,42,CITY,False,,,,,,,binary_numeric_candidate,binary_or_one_hot_review,6077,1487,0.9970467596390484,2713,1039,0.4045027583122111,0.5228988424760946,2,009_over_500,numeric_looking_code_requires_semantic_review,,,,,,
MOCA,visit,43,MOCA,True,retain,numeric,numeric_identity,official_summary_score,retain_official_summary_score_policy,BENCHMARK04C,numeric_candidate,numeric_median_imputation,2566,943,0.4210008203445447,1161,581,0.17310272849261965,0.29240060392551587,26,009_over_500,a06_semantic_directive_locked,,,,,,
NEUROBAT,visit,1,CLOCKCIRC,False,,,,,,,binary_numeric_candidate,binary_or_one_hot_review,8641,1838,0.8087037903603183,4285,1417,0.6388847472789623,0.7131353799698037,2,009_over_500,numeric_looking_code_requires_semantic_review,,,,,,
NEUROBAT,visit,2,CLOCKSYM,False,,,,,,,binary_numeric_candidate,binary_or_one_hot_review,8640,1838,0.8086102012166588,4285,1417,0.6388847472789623,0.7131353799698037,2,009_over_500,numeric_looking_code_requires_semantic_review,,,,,,
NEUROBAT,visit,3,CLOCKNUM,False,,,,,,,binary_numeric_candidate,binary_or_one_hot_review,8641,1838,0.8087037903603183,4285,1417,0.6388847472789623,0.7131353799698037,2,009_over_500,numeric_looking_code_requires_semantic_review,,,,,,
NEUROBAT,visit,4,CLOCKHAND,False,,,,,,,binary_numeric_candidate,binary_or_one_hot_review,8641,1838,0.8087037903603183,4285,1417,0.6388847472789623,0.7131353799698037,2,009_over_500,numeric_looking_code_requires_semantic_review,,,,,,
NEUROBAT,visit,5,CLOCKTIME,False,,,,,,,binary_numeric_candidate,binary_or_one_hot_review,8640,1838,0.8086102012166588,4285,1417,0.6388847472789623,0.7131353799698037,2,009_over_500,date_or_time_name_pattern|numeric_looking_code_requires_semantic_review,,,,,,
NEUROBAT,visit,6,CLOCKSCOR,True,retain,numeric,numeric_identity,official_or_documented_summary_score,retain_official_summary_score_policy,BENCHMARK04C,categorical_numeric_code_candidate,one_hot_or_numeric_review,8643,1838,0.8088909686476369,4286,1417,0.6390338452363202,0.7131353799698037,6,009_over_500,numeric_looking_code_requires_semantic_review|a06_semantic_directive_locked,,,,,,
NEUROBAT,visit,7,COPYCIRC,False,,,,,,,binary_numeric_candidate,binary_or_one_hot_review,8645,1837,0.8090781469349555,4286,1417,0.6390338452363202,0.7131353799698037,2,009_over_500,numeric_looking_code_requires_semantic_review,,,,,,
NEUROBAT,visit,8,COPYSYM,False,,,,,,,binary_numeric_candidate,binary_or_one_hot_review,8644,1837,0.8089845577912962,4286,1417,0.6390338452363202,0.7131353799698037,2,009_over_500,numeric_looking_code_requires_semantic_review,,,,,,
NEUROBAT,visit,9,COPYNUM,False,,,,,,,binary_numeric_candidate,binary_or_one_hot_review,8645,1837,0.8090781469349555,4286,1417,0.6390338452363202,0.7131353799698037,2,009_over_500,numeric_looking_code_requires_semantic_review,,,,,,
NEUROBAT,visit,10,COPYHAND,False,,,,,,,binary_numeric_candidate,binary_or_one_hot_review,8644,1837,0.8089845577912962,4286,1417,0.6390338452363202,0.7131353799698037,2,009_over_500,numeric_looking_code_requires_semantic_review,,,,,,
NEUROBAT,visit,11,COPYTIME,False,,,,,,,binary_numeric_candidate,binary_or_one_hot_review,8644,1837,0.8089845577912962,4286,1417,0.6390338452363202,0.7131353799698037,2,009_over_500,date_or_time_name_pattern|numeric_looking_code_requires_semantic_review,,,,,,
NEUROBAT,visit,12,COPYSCOR,True,retain,numeric,numeric_identity,official_or_documented_summary_score,retain_official_summary_score_policy,BENCHMARK04C,categorical_numeric_code_candidate,one_hot_or_numeric_review,8645,1837,0.8090781469349555,4287,1417,0.6391829431936783,0.7131353799698037,6,009_over_500,numeric_looking_code_requires_semantic_review|a06_semantic_directive_locked,,,,,,
NEUROBAT,visit,13,LIMMTOTAL,False,,,,,,,numeric_candidate,numeric_median_imputation,7494,1986,0.7013570425830604,4421,1819,0.6591620694796482,0.9154504277805737,26,009_over_500,,,,,,,
NEUROBAT,visit,14,AVTOT1,False,,,,,,,categorical_numeric_code_candidate,one_hot_or_numeric_review,8629,1837,0.8075807206364062,4279,1414,0.6379901595348144,0.7116255661801711,16,009_over_500,numeric_looking_code_requires_semantic_review,,,,,,
NEUROBAT,visit,15,AVERR1,False,,,,,,,categorical_numeric_code_candidate,one_hot_or_numeric_review,8619,1833,0.8066448291998128,4277,1414,0.6376919636200984,0.7116255661801711,12,009_over_500,numeric_looking_code_requires_semantic_review,,,,,,
NEUROBAT,visit,16,AVTOT2,False,,,,,,,categorical_numeric_code_candidate,one_hot_or_numeric_review,8624,1837,0.8071127749181095,4276,1413,0.6375428656627404,0.7111222949169602,16,009_over_500,numeric_looking_code_requires_semantic_review,,,,,,
NEUROBAT,visit,17,AVERR2,False,,,,,,,categorical_numeric_code_candidate,one_hot_or_numeric_review,8615,1834,0.8062704726251755,4274,1413,0.6372446697480244,0.7111222949169602,9,009_over_500,numeric_looking_code_requires_semantic_review,,,,,,
NEUROBAT,visit,18,AVTOT3,False,,,,,,,categorical_numeric_code_candidate,one_hot_or_numeric_review,8611,1837,0.8058961160505381,4274,1413,0.6372446697480244,0.7111222949169602,16,009_over_500,numeric_looking_code_requires_semantic_review,,,,,,
NEUROBAT,visit,19,AVERR3,False,,,,,,,categorical_numeric_code_candidate,one_hot_or_numeric_review,8599,1832,0.8047730463266262,4271,1413,0.6367973758759505,0.7111222949169602,13,009_over_500,numeric_looking_code_requires_semantic_review,,,,,,
NEUROBAT,visit,20,AVTOT4,False,,,,,,,categorical_numeric_code_candidate,one_hot_or_numeric_review,8603,1837,0.8051474029012634,4269,1413,0.6364991799612345,0.7111222949169602,16,009_over_500,numeric_looking_code_requires_semantic_review,,,,,,
NEUROBAT,visit,21,AVERR4,False,,,,,,,categorical_numeric_code_candidate,one_hot_or_numeric_review,8590,1831,0.8039307440336921,4266,1412,0.6360518860891605,0.7106190236537494,13,009_over_500,numeric_looking_code_requires_semantic_review,,,,,,
NEUROBAT,visit,22,AVTOT5,False,,,,,,,categorical_numeric_code_candidate,one_hot_or_numeric_review,8599,1836,0.8047730463266262,4267,1413,0.6362009840465186,0.7111222949169602,16,009_over_500,numeric_looking_code_requires_semantic_review,,,,,,
NEUROBAT,visit,23,AVERR5,False,,,,,,,categorical_numeric_code_candidate,one_hot_or_numeric_review,8588,1831,0.8037435657463734,4264,1412,0.6357536901744446,0.7106190236537494,13,009_over_500,numeric_looking_code_requires_semantic_review,,,,,,
NEUROBAT,visit,24,AVTOT6,False,,,,,,,categorical_numeric_code_candidate,one_hot_or_numeric_review,8579,1834,0.8029012634534394,4257,1412,0.6347100044729387,0.7106190236537494,16,009_over_500,numeric_looking_code_requires_semantic_review,,,,,,
NEUROBAT,visit,25,AVERR6,False,,,,,,,categorical_numeric_code_candidate,one_hot_or_numeric_review,8566,1830,0.801684604585868,4253,1411,0.6341136126435067,0.7101157523905385,12,009_over_500,numeric_looking_code_requires_semantic_review,,,,,,
NEUROBAT,visit,26,AVTOTB,False,,,,,,,categorical_numeric_code_candidate,one_hot_or_numeric_review,8594,1836,0.8043051006083294,4266,1413,0.6360518860891605,0.7111222949169602,16,009_over_500,numeric_looking_code_requires_semantic_review,,,,,,
NEUROBAT,visit,27,AVERRB,False,,,,,,,categorical_numeric_code_candidate,one_hot_or_numeric_review,8582,1831,0.8031820308844174,4264,1413,0.6357536901744446,0.7111222949169602,11,009_over_500,numeric_looking_code_requires_semantic_review,,,,,,
NEUROBAT,visit,28,DSPANFOR,False,,,,,,,categorical_numeric_code_candidate,one_hot_or_numeric_review,2580,544,0.24145999064108564,1576,512,0.2349783807961831,0.25767488676396577,13,009_over_500,numeric_looking_code_requires_semantic_review,,,,,,
NEUROBAT,visit,29,DSPANFLTH,False,,,,,,,categorical_numeric_code_candidate,one_hot_or_numeric_review,2577,544,0.24117922321010762,1575,512,0.23482928283882512,0.25767488676396577,6,009_over_500,numeric_looking_code_requires_semantic_review,,,,,,
NEUROBAT,visit,30,DSPANBAC,False,,,,,,,categorical_numeric_code_candidate,one_hot_or_numeric_review,2554,543,0.2390266729059429,1563,508,0.2330401073505293,0.2556618017111223,12,009_over_500,numeric_looking_code_requires_semantic_review,,,,,,
NEUROBAT,visit,31,DSPANBLTH,False,,,,,,,categorical_numeric_code_candidate,one_hot_or_numeric_review,2554,543,0.2390266729059429,1563,508,0.2330401073505293,0.2556618017111223,6,009_over_500,numeric_looking_code_requires_semantic_review,,,,,,
NEUROBAT,visit,32,CATANIMSC,False,,,,,,,numeric_candidate,numeric_median_imputation,8652,1838,0.8097332709405709,4291,1417,0.6397793350231101,0.7131353799698037,42,009_over_500,,,,,,,
NEUROBAT,visit,33,CATANPERS,False,,,,,,,categorical_numeric_code_candidate,one_hot_or_numeric_review,8648,1838,0.8093589143659335,4288,1417,0.6393320411510363,0.7131353799698037,16,009_over_500,numeric_looking_code_requires_semantic_review,,,,,,
NEUROBAT,visit,34,CATANINTR,False,,,,,,,categorical_numeric_code_candidate,one_hot_or_numeric_review,8648,1838,0.8093589143659335,4288,1416,0.6393320411510363,0.7126321087065929,10,009_over_500,numeric_looking_code_requires_semantic_review,,,,,,
NEUROBAT,visit,35,CATVEGESC,False,,,,,,,numeric_candidate,numeric_median_imputation,2579,544,0.2413664014974263,1575,512,0.23482928283882512,0.25767488676396577,29,009_over_500,,,,,,,
NEUROBAT,visit,36,CATVGPERS,False,,,,,,,categorical_numeric_code_candidate,one_hot_or_numeric_review,2578,544,0.24127281235376696,1575,512,0.23482928283882512,0.25767488676396577,9,009_over_500,numeric_looking_code_requires_semantic_review,,,,,,
NEUROBAT,visit,37,CATVGINTR,False,,,,,,,categorical_numeric_code_candidate,one_hot_or_numeric_review,2579,544,0.2413664014974263,1575,512,0.23482928283882512,0.25767488676396577,15,009_over_500,numeric_looking_code_requires_semantic_review,,,,,,
NEUROBAT,visit,38,TRAASCOR,False,,,,,,,numeric_candidate,numeric_median_imputation,8608,1834,0.8056153486195601,4276,1411,0.6375428656627404,0.7101157523905385,129,009_over_500,,,,,,,
NEUROBAT,visit,39,TRAAERRCOM,False,,,,,,,categorical_numeric_code_candidate,one_hot_or_numeric_review,8611,1834,0.8058961160505381,4277,1411,0.6376919636200984,0.7101157523905385,8,009_over_500,numeric_looking_code_requires_semantic_review,,,,,,
NEUROBAT,visit,40,TRAAERROM,False,,,,,,,numeric_candidate,numeric_median_imputation,8615,1834,0.8062704726251755,4278,1411,0.6378410615774563,0.7101157523905385,24,009_over_500,,,,,,,
NEUROBAT,visit,41,TRABSCOR,False,,,,,,,numeric_candidate,numeric_median_imputation,8395,1823,0.7856808610201217,4183,1387,0.6236767556284479,0.6980372420734776,263,009_over_500,,,,,,,
NEUROBAT,visit,42,TRABERRCOM,False,,,,,,,categorical_numeric_code_candidate,one_hot_or_numeric_review,8388,1824,0.7850257370145063,4178,1386,0.6229312658416579,0.6975339708102667,15,009_over_500,numeric_looking_code_requires_semantic_review,,,,,,
NEUROBAT,visit,43,TRABERROM,False,,,,,,,numeric_candidate,numeric_median_imputation,8385,1823,0.7847449695835284,4178,1386,0.6229312658416579,0.6975339708102667,29,009_over_500,,,,,,,
NEUROBAT,visit,44,DIGITSCOR,False,,,,,,,numeric_candidate,numeric_median_imputation,2552,543,0.23883949461862425,1564,510,0.23318920530788728,0.25666834423754403,78,009_over_500,,,,,,,
NEUROBAT,visit,45,LDELTOTAL,False,,,,,,,numeric_candidate,numeric_median_imputation,7465,1986,0.6986429574169396,4409,1819,0.6573728939913523,0.9154504277805737,26,009_over_500,,,,,,,
NEUROBAT,visit,46,LDELCUE,False,,,,,,,binary_numeric_candidate,binary_or_one_hot_review,7454,1987,0.697613476836687,4402,1820,0.6563292082898464,0.9159536990437847,2,009_over_500,numeric_looking_code_requires_semantic_review,,,,,,
NEUROBAT,visit,47,BNTSPONT,False,,,,,,,numeric_candidate,numeric_median_imputation,6028,1170,0.5641553579784745,3101,1041,0.462352765767109,0.5239053850025164,30,009_over_500,,,,,,,
NEUROBAT,visit,48,BNTSTIM,False,,,,,,,numeric_candidate,numeric_median_imputation,6027,1169,0.5640617688348152,3101,1041,0.462352765767109,0.5239053850025164,28,009_over_500,,,,,,,
NEUROBAT,visit,49,BNTCSTIM,False,,,,,,,categorical_numeric_code_candidate,one_hot_or_numeric_review,6025,1169,0.5638745905474964,3100,1041,0.46220366780975103,0.5239053850025164,11,009_over_500,numeric_looking_code_requires_semantic_review,,,,,,
NEUROBAT,visit,50,BNTPHON,False,,,,,,,numeric_candidate,numeric_median_imputation,6025,1169,0.5638745905474964,3099,1041,0.462054569852393,0.5239053850025164,29,009_over_500,,,,,,,
NEUROBAT,visit,51,BNTCPHON,False,,,,,,,numeric_candidate,numeric_median_imputation,6021,1169,0.5635002339728592,3098,1041,0.46190547189503506,0.5239053850025164,21,009_over_500,,,,,,,
NEUROBAT,visit,52,BNTTOTAL,True,retain,numeric,numeric_identity,official_or_documented_summary_score,retain_official_summary_score_policy,BENCHMARK04C,numeric_candidate,numeric_median_imputation,6027,1169,0.5640617688348152,3101,1041,0.462352765767109,0.5239053850025164,30,009_over_500,a06_semantic_directive_locked,,,,,,
NEUROBAT,visit,53,AVDEL30MIN,False,,,,,,,categorical_numeric_code_candidate,one_hot_or_numeric_review,8588,1837,0.8037435657463734,4260,1413,0.6351572983450127,0.7111222949169602,16,009_over_500,numeric_looking_code_requires_semantic_review,,,,,,
NEUROBAT,visit,54,AVDELERR1,False,,,,,,,categorical_numeric_code_candidate,one_hot_or_numeric_review,8585,1834,0.8034627983153955,4260,1413,0.6351572983450127,0.7111222949169602,16,009_over_500,numeric_looking_code_requires_semantic_review,,,,,,
NEUROBAT,visit,55,AVDELTOT,False,,,,,,,categorical_numeric_code_candidate,one_hot_or_numeric_review,8569,1835,0.801965372016846,4254,1412,0.6342627106008648,0.7106190236537494,16,009_over_500,numeric_looking_code_requires_semantic_review,,,,,,
NEUROBAT,visit,56,AVDELERR2,False,,,,,,,categorical_numeric_code_candidate,one_hot_or_numeric_review,8567,1834,0.8017781937295274,4253,1412,0.6341136126435067,0.7106190236537494,16,009_over_500,numeric_looking_code_requires_semantic_review,,,,,,
NEUROBAT,visit,57,ANARTERR,False,,,,,,,numeric_candidate,numeric_median_imputation,1767,1762,0.16537201684604586,78,78,0.011629640673922767,0.03925515853044791,32,006_51_to_100,train_missingness_at_least_95_percent,,,,,,
NEUROBAT,visit,58,MINTSEMCUE,False,,,,,,,categorical_numeric_code_candidate,one_hot_or_numeric_review,2566,943,0.24014974262985495,1156,582,0.17235723870582972,0.29290387518872674,13,009_over_500,numeric_looking_code_requires_semantic_review,,,,,,
NEUROBAT,visit,59,MINTTOTAL,True,retain,numeric,numeric_identity,official_or_documented_summary_score,retain_official_summary_score_policy,BENCHMARK04C,numeric_candidate,numeric_median_imputation,2585,944,0.2419279363593823,1170,584,0.17444461010884152,0.2939104177151485,26,009_over_500,a06_semantic_directive_locked,,,,,,
NEUROBAT,visit,60,MINTUNCUED,False,,,,,,,numeric_candidate,numeric_median_imputation,2587,944,0.242115114646701,1171,584,0.1745937080661995,0.2939104177151485,28,009_over_500,,,,,,,
PTDEMOG,participant,1,PTGENDER,True,retain,categorical,categorical_identity,cross_phase_common_core_demographic,frozen_common_core_PTDEMOG_policy,A06/BENCHMARK04C,binary_numeric_candidate,binary_or_one_hot_review,1987,1987,1.0,6707,1987,1.0,1.0,2,009_over_500,numeric_looking_code_requires_semantic_review|a06_semantic_directive_locked,,,,,,
PTDEMOG,participant,2,PTHAND,True,retain,categorical,categorical_identity,cross_phase_common_core_demographic,frozen_common_core_PTDEMOG_policy,A06/BENCHMARK04C,binary_numeric_candidate,binary_or_one_hot_review,1986,1986,0.9994967287367891,6706,1986,0.999850902042642,0.9994967287367891,2,009_over_500,numeric_looking_code_requires_semantic_review|a06_semantic_directive_locked,,,,,,
PTDEMOG,participant,3,PTMARRY,True,retain,categorical,categorical_identity,cross_phase_common_core_demographic,frozen_common_core_PTDEMOG_policy,A06/BENCHMARK04C,categorical_numeric_code_candidate,one_hot_or_numeric_review,1986,1986,0.9994967287367891,6706,1986,0.999850902042642,0.9994967287367891,6,009_over_500,numeric_looking_code_requires_semantic_review|a06_semantic_directive_locked,,,,,,
PTDEMOG,participant,4,PTEDUCAT,True,retain,numeric,numeric_identity,cross_phase_common_core_demographic,frozen_common_core_PTDEMOG_policy,A06/BENCHMARK04C,categorical_numeric_code_candidate,one_hot_or_numeric_review,1987,1987,1.0,6707,1987,1.0,1.0,16,009_over_500,numeric_looking_code_requires_semantic_review|a06_semantic_directive_locked,,,,,,
PTDEMOG,participant,5,PTNOTRT,True,retain,categorical,categorical_identity,cross_phase_common_core_demographic,frozen_common_core_PTDEMOG_policy,A06/BENCHMARK04C,categorical_numeric_code_candidate,one_hot_or_numeric_review,1987,1987,1.0,6707,1987,1.0,1.0,3,009_over_500,numeric_looking_code_requires_semantic_review|a06_semantic_directive_locked,,,,,,
PTDEMOG,participant,6,PTHOME,True,retain,categorical,ptdemog_pthome_harmonization,cross_phase_common_core_demographic,frozen_common_core_PTDEMOG_policy,A06/BENCHMARK04C,categorical_numeric_code_candidate,one_hot_or_numeric_review,1987,1987,1.0,6707,1987,1.0,1.0,9,009_over_500,numeric_looking_code_requires_semantic_review|a06_semantic_directive_locked,,,,,,
PTDEMOG,participant,7,PTPLANG,True,retain,categorical,categorical_identity,cross_phase_common_core_demographic,frozen_common_core_PTDEMOG_policy,A06/BENCHMARK04C,categorical_numeric_code_candidate,one_hot_or_numeric_review,1987,1987,1.0,6707,1987,1.0,1.0,3,009_over_500,numeric_looking_code_requires_semantic_review|a06_semantic_directive_locked,,,,,,
PTDEMOG,participant,8,PTETHCAT,True,retain,categorical,categorical_identity,cross_phase_common_core_demographic,frozen_common_core_PTDEMOG_policy,A06/BENCHMARK04C,categorical_numeric_code_candidate,one_hot_or_numeric_review,1987,1987,1.0,6707,1987,1.0,1.0,3,009_over_500,numeric_looking_code_requires_semantic_review|a06_semantic_directive_locked,,,,,,
PTDEMOG,participant,9,PTRACCAT,True,retain,categorical,categorical_identity,cross_phase_common_core_demographic,frozen_common_core_PTDEMOG_policy,A06/BENCHMARK04C,categorical_numeric_code_candidate,one_hot_or_numeric_review,1987,1987,1.0,6707,1987,1.0,1.0,7,009_over_500,numeric_looking_code_requires_semantic_review|a06_semantic_directive_locked,,,,,,
