official_transform_registry_version,official_transform_registry_frozen,official_freeze_stage,source_name,column_name,full_column_name,transform_id,input_semantics,output_semantics,phase_required_for_transform,phase_exposed_to_model,parameters_json,execution_stage,official_decision_id
2.0.0-crosschecked-b,True,benchmark04b,ADAS,Q2TASK,ADAS__Q2TASK,dictionary_multi_response_tokens,documented_task_component_code_set,component_indicator_vector,False,False,"{""encoding"": ""multi_hot"", ""missing_indicator"": true, ""special_none_correct_code_must_not_equal_missing"": true, ""token_separators"": [""|"", "";""]}",preserved_from_legacy_schema,af33ab072e44c35c04b442a5
2.0.0-crosschecked-b,True,benchmark04b,ADAS,Q5FINGER,ADAS__Q5FINGER,dictionary_multi_response_tokens,documented_task_component_code_set,component_indicator_vector,False,False,"{""encoding"": ""multi_hot"", ""missing_indicator"": true, ""special_none_correct_code_must_not_equal_missing"": true, ""token_separators"": [""|"", "";""]}",preserved_from_legacy_schema,af33ab072e44c35c04b442a5
2.0.0-crosschecked-b,True,benchmark04b,ADAS,Q6TASK,ADAS__Q6TASK,dictionary_multi_response_tokens,documented_task_component_code_set,component_indicator_vector,False,False,"{""encoding"": ""multi_hot"", ""missing_indicator"": true, ""special_none_correct_code_must_not_equal_missing"": true, ""token_separators"": [""|"", "";""]}",preserved_from_legacy_schema,af33ab072e44c35c04b442a5
2.0.0-crosschecked-b,True,benchmark04b,ADAS,Q7TASK,ADAS__Q7TASK,dictionary_multi_response_tokens,documented_task_component_code_set,component_indicator_vector,False,False,"{""encoding"": ""multi_hot"", ""missing_indicator"": true, ""special_none_correct_code_must_not_equal_missing"": true, ""token_separators"": [""|"", "";""]}",preserved_from_legacy_schema,af33ab072e44c35c04b442a5
2.0.0-crosschecked-b,True,benchmark04b,FAQ,FAQBEVG,FAQ__FAQBEVG,faq_official_item_score_map,official_raw_FAQ_item_codes,official_FAQ_item_score_0_to_3,False,False,"{""0"": 0, ""1"": 0, ""2"": 1, ""3"": 1, ""4"": 2, ""5"": 3}",BENCHMARK04C/BENCHMARK05,af33ab072e44c35c04b442a5
2.0.0-crosschecked-b,True,benchmark04b,FAQ,FAQEVENT,FAQ__FAQEVENT,faq_official_item_score_map,official_raw_FAQ_item_codes,official_FAQ_item_score_0_to_3,False,False,"{""0"": 0, ""1"": 0, ""2"": 1, ""3"": 1, ""4"": 2, ""5"": 3}",BENCHMARK04C/BENCHMARK05,af33ab072e44c35c04b442a5
2.0.0-crosschecked-b,True,benchmark04b,FAQ,FAQFINAN,FAQ__FAQFINAN,faq_official_item_score_map,official_raw_FAQ_item_codes,official_FAQ_item_score_0_to_3,False,False,"{""0"": 0, ""1"": 0, ""2"": 1, ""3"": 1, ""4"": 2, ""5"": 3}",BENCHMARK04C/BENCHMARK05,af33ab072e44c35c04b442a5
2.0.0-crosschecked-b,True,benchmark04b,FAQ,FAQFORM,FAQ__FAQFORM,faq_official_item_score_map,official_raw_FAQ_item_codes,official_FAQ_item_score_0_to_3,False,False,"{""0"": 0, ""1"": 0, ""2"": 1, ""3"": 1, ""4"": 2, ""5"": 3}",BENCHMARK04C/BENCHMARK05,af33ab072e44c35c04b442a5
2.0.0-crosschecked-b,True,benchmark04b,FAQ,FAQGAME,FAQ__FAQGAME,faq_official_item_score_map,official_raw_FAQ_item_codes,official_FAQ_item_score_0_to_3,False,False,"{""0"": 0, ""1"": 0, ""2"": 1, ""3"": 1, ""4"": 2, ""5"": 3}",BENCHMARK04C/BENCHMARK05,af33ab072e44c35c04b442a5
2.0.0-crosschecked-b,True,benchmark04b,FAQ,FAQMEAL,FAQ__FAQMEAL,faq_official_item_score_map,official_raw_FAQ_item_codes,official_FAQ_item_score_0_to_3,False,False,"{""0"": 0, ""1"": 0, ""2"": 1, ""3"": 1, ""4"": 2, ""5"": 3}",BENCHMARK04C/BENCHMARK05,af33ab072e44c35c04b442a5
2.0.0-crosschecked-b,True,benchmark04b,FAQ,FAQREM,FAQ__FAQREM,faq_official_item_score_map,official_raw_FAQ_item_codes,official_FAQ_item_score_0_to_3,False,False,"{""0"": 0, ""1"": 0, ""2"": 1, ""3"": 1, ""4"": 2, ""5"": 3}",BENCHMARK04C/BENCHMARK05,af33ab072e44c35c04b442a5
2.0.0-crosschecked-b,True,benchmark04b,FAQ,FAQSHOP,FAQ__FAQSHOP,faq_official_item_score_map,official_raw_FAQ_item_codes,official_FAQ_item_score_0_to_3,False,False,"{""0"": 0, ""1"": 0, ""2"": 1, ""3"": 1, ""4"": 2, ""5"": 3}",BENCHMARK04C/BENCHMARK05,af33ab072e44c35c04b442a5
2.0.0-crosschecked-b,True,benchmark04b,FAQ,FAQTRAVL,FAQ__FAQTRAVL,faq_official_item_score_map,official_raw_FAQ_item_codes,official_FAQ_item_score_0_to_3,False,False,"{""0"": 0, ""1"": 0, ""2"": 1, ""3"": 1, ""4"": 2, ""5"": 3}",BENCHMARK04C/BENCHMARK05,af33ab072e44c35c04b442a5
2.0.0-crosschecked-b,True,benchmark04b,FAQ,FAQTV,FAQ__FAQTV,faq_official_item_score_map,official_raw_FAQ_item_codes,official_FAQ_item_score_0_to_3,False,False,"{""0"": 0, ""1"": 0, ""2"": 1, ""3"": 1, ""4"": 2, ""5"": 3}",BENCHMARK04C/BENCHMARK05,af33ab072e44c35c04b442a5
2.0.0-crosschecked-b,True,benchmark04b,PTDEMOG,AGE_AT_TARGET,PTDEMOG__AGE_AT_TARGET,derive_age_at_target_from_birth_year_and_current_target_date,participant_birth_year_metadata_plus_current_target_visit_date,visit_specific_age_covariate,False,False,"{""birth_metadata_artifact"": ""data/crosschecked_inputs_v1/local_only/LOCAL_ONLY_ptdemog_age_derivation_metadata.csv.gz"", ""birth_metadata_field"": ""BIRTH_YEAR_FOR_AGE"", ""birth_metadata_precision"": ""calendar_year"", ""current_target_date_source"": ""strict_date_temporal_reference_or_current_target_visit_date"", ""execution_stage"": ""BENCHMARK05b"", ""output_unit"": ""years"", ""privacy"": ""derivation_is_local_only; birth metadata and dates are never exported to SAFE reports""}",BENCHMARK05b,af33ab072e44c35c04b442a5
2.0.0-crosschecked-b,True,benchmark04b,PTDEMOG,PTHOME,PTDEMOG__PTHOME,ptdemog_pthome_harmonization,phase_specific_residence_code,phase_invariant_residence_category,False,False,"{""1"": ""house"", ""10"": ""house"", ""2"": ""condo_or_coop"", ""3"": ""apartment"", ""4"": ""mobile_home"", ""5"": ""retirement_community"", ""6"": ""assisted_living"", ""7"": ""skilled_nursing"", ""8"": ""other"", ""9"": ""house""}",A06/BENCHMARK04C,af33ab072e44c35c04b442a5
