source_name,column_name,full_column_name,transform_id,input_semantics,output_semantics,phase_required_for_transform,phase_exposed_to_model,parameters_json,official_transform_registry_version,official_transform_registry_frozen,official_freeze_stage,official_decision_id,official_support_threshold_participants,official_support_application,official_phase_exposure_policy
ADAS,Q2TASK,ADAS__Q2TASK,dictionary_multi_response_tokens,documented_task_component_code_set,component_indicator_vector,False,False,"{""encoding"": ""multi_hot"", ""missing_indicator"": true, ""special_none_correct_code_must_not_equal_missing"": true, ""token_separators"": [""|"", "";""]}",1.0.0,True,benchmark04e_freeze_feature_schema,acfd34080ed60c0a6f59,50,recomputed_per_scenario_and_per_temporal_block_on_fit_data,phase_may_support_local_harmonization_only_and_is_not_a_model_feature
ADAS,Q5FINGER,ADAS__Q5FINGER,dictionary_multi_response_tokens,documented_task_component_code_set,component_indicator_vector,False,False,"{""encoding"": ""multi_hot"", ""missing_indicator"": true, ""special_none_correct_code_must_not_equal_missing"": true, ""token_separators"": [""|"", "";""]}",1.0.0,True,benchmark04e_freeze_feature_schema,acfd34080ed60c0a6f59,50,recomputed_per_scenario_and_per_temporal_block_on_fit_data,phase_may_support_local_harmonization_only_and_is_not_a_model_feature
ADAS,Q6TASK,ADAS__Q6TASK,dictionary_multi_response_tokens,documented_task_component_code_set,component_indicator_vector,False,False,"{""encoding"": ""multi_hot"", ""missing_indicator"": true, ""special_none_correct_code_must_not_equal_missing"": true, ""token_separators"": [""|"", "";""]}",1.0.0,True,benchmark04e_freeze_feature_schema,acfd34080ed60c0a6f59,50,recomputed_per_scenario_and_per_temporal_block_on_fit_data,phase_may_support_local_harmonization_only_and_is_not_a_model_feature
ADAS,Q7TASK,ADAS__Q7TASK,dictionary_multi_response_tokens,documented_task_component_code_set,component_indicator_vector,False,False,"{""encoding"": ""multi_hot"", ""missing_indicator"": true, ""special_none_correct_code_must_not_equal_missing"": true, ""token_separators"": [""|"", "";""]}",1.0.0,True,benchmark04e_freeze_feature_schema,acfd34080ed60c0a6f59,50,recomputed_per_scenario_and_per_temporal_block_on_fit_data,phase_may_support_local_harmonization_only_and_is_not_a_model_feature
CDR,CDSOURCE,CDR__CDSOURCE,cdr_source_mode_harmonization,phase_specific_source_mode_code,in_person_or_remote,False,False,"{""1"": ""in_person"", ""2"": ""remote_phone_or_video""}",1.0.0,True,benchmark04e_freeze_feature_schema,acfd34080ed60c0a6f59,50,recomputed_per_scenario_and_per_temporal_block_on_fit_data,phase_may_support_local_harmonization_only_and_is_not_a_model_feature
FAQ,FAQBEVG,FAQ__FAQBEVG,faq_official_item_score_map,official_raw_FAQ_item_codes,official_FAQ_item_score_0_to_3,False,False,"{""0"": 0, ""1"": 0, ""2"": 1, ""3"": 1, ""4"": 2, ""5"": 3}",1.0.0,True,benchmark04e_freeze_feature_schema,acfd34080ed60c0a6f59,50,recomputed_per_scenario_and_per_temporal_block_on_fit_data,phase_may_support_local_harmonization_only_and_is_not_a_model_feature
FAQ,FAQEVENT,FAQ__FAQEVENT,faq_official_item_score_map,official_raw_FAQ_item_codes,official_FAQ_item_score_0_to_3,False,False,"{""0"": 0, ""1"": 0, ""2"": 1, ""3"": 1, ""4"": 2, ""5"": 3}",1.0.0,True,benchmark04e_freeze_feature_schema,acfd34080ed60c0a6f59,50,recomputed_per_scenario_and_per_temporal_block_on_fit_data,phase_may_support_local_harmonization_only_and_is_not_a_model_feature
FAQ,FAQFINAN,FAQ__FAQFINAN,faq_official_item_score_map,official_raw_FAQ_item_codes,official_FAQ_item_score_0_to_3,False,False,"{""0"": 0, ""1"": 0, ""2"": 1, ""3"": 1, ""4"": 2, ""5"": 3}",1.0.0,True,benchmark04e_freeze_feature_schema,acfd34080ed60c0a6f59,50,recomputed_per_scenario_and_per_temporal_block_on_fit_data,phase_may_support_local_harmonization_only_and_is_not_a_model_feature
FAQ,FAQFORM,FAQ__FAQFORM,faq_official_item_score_map,official_raw_FAQ_item_codes,official_FAQ_item_score_0_to_3,False,False,"{""0"": 0, ""1"": 0, ""2"": 1, ""3"": 1, ""4"": 2, ""5"": 3}",1.0.0,True,benchmark04e_freeze_feature_schema,acfd34080ed60c0a6f59,50,recomputed_per_scenario_and_per_temporal_block_on_fit_data,phase_may_support_local_harmonization_only_and_is_not_a_model_feature
FAQ,FAQGAME,FAQ__FAQGAME,faq_official_item_score_map,official_raw_FAQ_item_codes,official_FAQ_item_score_0_to_3,False,False,"{""0"": 0, ""1"": 0, ""2"": 1, ""3"": 1, ""4"": 2, ""5"": 3}",1.0.0,True,benchmark04e_freeze_feature_schema,acfd34080ed60c0a6f59,50,recomputed_per_scenario_and_per_temporal_block_on_fit_data,phase_may_support_local_harmonization_only_and_is_not_a_model_feature
FAQ,FAQMEAL,FAQ__FAQMEAL,faq_official_item_score_map,official_raw_FAQ_item_codes,official_FAQ_item_score_0_to_3,False,False,"{""0"": 0, ""1"": 0, ""2"": 1, ""3"": 1, ""4"": 2, ""5"": 3}",1.0.0,True,benchmark04e_freeze_feature_schema,acfd34080ed60c0a6f59,50,recomputed_per_scenario_and_per_temporal_block_on_fit_data,phase_may_support_local_harmonization_only_and_is_not_a_model_feature
FAQ,FAQREM,FAQ__FAQREM,faq_official_item_score_map,official_raw_FAQ_item_codes,official_FAQ_item_score_0_to_3,False,False,"{""0"": 0, ""1"": 0, ""2"": 1, ""3"": 1, ""4"": 2, ""5"": 3}",1.0.0,True,benchmark04e_freeze_feature_schema,acfd34080ed60c0a6f59,50,recomputed_per_scenario_and_per_temporal_block_on_fit_data,phase_may_support_local_harmonization_only_and_is_not_a_model_feature
FAQ,FAQSHOP,FAQ__FAQSHOP,faq_official_item_score_map,official_raw_FAQ_item_codes,official_FAQ_item_score_0_to_3,False,False,"{""0"": 0, ""1"": 0, ""2"": 1, ""3"": 1, ""4"": 2, ""5"": 3}",1.0.0,True,benchmark04e_freeze_feature_schema,acfd34080ed60c0a6f59,50,recomputed_per_scenario_and_per_temporal_block_on_fit_data,phase_may_support_local_harmonization_only_and_is_not_a_model_feature
FAQ,FAQTRAVL,FAQ__FAQTRAVL,faq_official_item_score_map,official_raw_FAQ_item_codes,official_FAQ_item_score_0_to_3,False,False,"{""0"": 0, ""1"": 0, ""2"": 1, ""3"": 1, ""4"": 2, ""5"": 3}",1.0.0,True,benchmark04e_freeze_feature_schema,acfd34080ed60c0a6f59,50,recomputed_per_scenario_and_per_temporal_block_on_fit_data,phase_may_support_local_harmonization_only_and_is_not_a_model_feature
FAQ,FAQTV,FAQ__FAQTV,faq_official_item_score_map,official_raw_FAQ_item_codes,official_FAQ_item_score_0_to_3,False,False,"{""0"": 0, ""1"": 0, ""2"": 1, ""3"": 1, ""4"": 2, ""5"": 3}",1.0.0,True,benchmark04e_freeze_feature_schema,acfd34080ed60c0a6f59,50,recomputed_per_scenario_and_per_temporal_block_on_fit_data,phase_may_support_local_harmonization_only_and_is_not_a_model_feature
PTDEMOG,PTDOBYY,PTDEMOG__PTDOBYY,extract_year_from_jan1_date_placeholder,year_encoded_as_date_placeholder,birth_year_only,False,False,"{""accepted_primary_format"": ""YYYY-01-01"", ""consistency_reference"": ""year_component_of_PTDOB_MM_YYYY"", ""month_day_semantics"": ""technical_placeholder_not_true_birth_month_or_day"", ""output"": ""integer_calendar_year""}",1.0.0,True,benchmark04e_freeze_feature_schema,acfd34080ed60c0a6f59,50,recomputed_per_scenario_and_per_temporal_block_on_fit_data,phase_may_support_local_harmonization_only_and_is_not_a_model_feature
PTDEMOG,PTETHCATH,PTDEMOG__PTETHCATH,dictionary_multi_response_tokens,documented_task_component_code_set,component_indicator_vector,False,False,"{""encoding"": ""multi_hot"", ""missing_indicator"": true, ""special_none_correct_code_must_not_equal_missing"": true, ""token_separators"": [""|"", "";""]}",1.0.0,True,benchmark04e_freeze_feature_schema,acfd34080ed60c0a6f59,50,recomputed_per_scenario_and_per_temporal_block_on_fit_data,phase_may_support_local_harmonization_only_and_is_not_a_model_feature
PTDEMOG,PTHOME,PTDEMOG__PTHOME,ptdemog_pthome_harmonization,phase_specific_residence_code,phase_invariant_residence_category,False,False,"{""1"": ""house"", ""10"": ""house"", ""2"": ""condo_or_coop"", ""3"": ""apartment"", ""4"": ""mobile_home"", ""5"": ""retirement_community"", ""6"": ""assisted_living"", ""7"": ""skilled_nursing"", ""8"": ""other"", ""9"": ""house""}",1.0.0,True,benchmark04e_freeze_feature_schema,acfd34080ed60c0a6f59,50,recomputed_per_scenario_and_per_temporal_block_on_fit_data,phase_may_support_local_harmonization_only_and_is_not_a_model_feature
PTDEMOG,PTIMMWHY,PTDEMOG__PTIMMWHY,dictionary_multi_response_tokens,documented_task_component_code_set,component_indicator_vector,False,False,"{""encoding"": ""multi_hot"", ""missing_indicator"": true, ""special_none_correct_code_must_not_equal_missing"": true, ""token_separators"": [""|"", "";""]}",1.0.0,True,benchmark04e_freeze_feature_schema,acfd34080ed60c0a6f59,50,recomputed_per_scenario_and_per_temporal_block_on_fit_data,phase_may_support_local_harmonization_only_and_is_not_a_model_feature
PTDEMOG,PTRACCAT,PTDEMOG__PTRACCAT,dictionary_multi_response_tokens,documented_task_component_code_set,component_indicator_vector,False,False,"{""encoding"": ""multi_hot"", ""missing_indicator"": true, ""special_none_correct_code_must_not_equal_missing"": true, ""token_separators"": [""|"", "";""]}",1.0.0,True,benchmark04e_freeze_feature_schema,acfd34080ed60c0a6f59,50,recomputed_per_scenario_and_per_temporal_block_on_fit_data,phase_may_support_local_harmonization_only_and_is_not_a_model_feature
