scenario,block,source_name,split,rows,modality_present_count,modality_present_pct
longitudinal_previous_last,current_visit,ADAS,train,1419,1373,96.75828218460083
longitudinal_previous_last,current_visit,ADAS,validation,299,294,98.32776188850403
longitudinal_previous_last,current_visit,CDR,train,1419,1366,96.26497626304626
longitudinal_previous_last,current_visit,CDR,validation,299,293,97.99330830574036
longitudinal_previous_last,current_visit,FAQ,train,1419,1355,95.48978209495544
longitudinal_previous_last,current_visit,FAQ,validation,299,292,97.65886068344116
longitudinal_previous_last,current_visit,MMSE,train,1419,1366,96.26497626304626
longitudinal_previous_last,current_visit,MMSE,validation,299,293,97.99330830574036
longitudinal_previous_last,current_visit,MOCA,train,1419,1013,71.38830423355103
longitudinal_previous_last,current_visit,MOCA,validation,299,217,72.57525324821472
longitudinal_previous_last,current_visit,NEUROBAT,train,1419,1362,95.98308801651001
longitudinal_previous_last,current_visit,NEUROBAT,validation,299,292,97.65886068344116
longitudinal_previous_last,participant_static,APOERES,train,1419,1415,99.71811175346375
longitudinal_previous_last,participant_static,APOERES,validation,299,298,99.6655523777008
longitudinal_previous_last,participant_static,PTDEMOG,train,1419,1419,100.0
longitudinal_previous_last,participant_static,PTDEMOG,validation,299,299,100.0
longitudinal_previous_last,previous_visit,ADAS,train,1419,1385,97.6039469242096
longitudinal_previous_last,previous_visit,ADAS,validation,299,292,97.65886068344116
longitudinal_previous_last,previous_visit,CDR,train,1419,1152,81.18393421173096
longitudinal_previous_last,previous_visit,CDR,validation,299,241,80.60200810432434
longitudinal_previous_last,previous_visit,FAQ,train,1419,1400,98.66102933883667
longitudinal_previous_last,previous_visit,FAQ,validation,299,296,98.99665713310242
longitudinal_previous_last,previous_visit,MMSE,train,1419,1130,79.63354587554932
longitudinal_previous_last,previous_visit,MMSE,validation,299,237,79.26421165466309
longitudinal_previous_last,previous_visit,MOCA,train,1419,982,69.20366287231445
longitudinal_previous_last,previous_visit,MOCA,validation,299,204,68.22742223739624
longitudinal_previous_last,previous_visit,NEUROBAT,train,1419,1386,97.67441749572754
longitudinal_previous_last,previous_visit,NEUROBAT,validation,299,292,97.65886068344116
snapshot_all,current_visit,ADAS,train,6707,4312,64.29104208946228
snapshot_all,current_visit,ADAS,validation,1445,941,65.12110829353333
snapshot_all,current_visit,CDR,train,6707,5452,81.28820657730103
snapshot_all,current_visit,CDR,validation,1445,1191,82.42214322090149
snapshot_all,current_visit,FAQ,train,6707,4280,63.81392478942871
snapshot_all,current_visit,FAQ,validation,1445,933,64.56747651100159
snapshot_all,current_visit,MMSE,train,6707,5454,81.31802678108215
snapshot_all,current_visit,MMSE,validation,1445,1190,82.35294222831726
snapshot_all,current_visit,MOCA,train,6707,2722,40.58446288108826
snapshot_all,current_visit,MOCA,validation,1445,560,38.7543261051178
snapshot_all,current_visit,NEUROBAT,train,6707,5529,82.43626356124878
snapshot_all,current_visit,NEUROBAT,validation,1445,1206,83.46020579338074
snapshot_all,participant_static,APOERES,train,6707,6531,97.37587571144104
snapshot_all,participant_static,APOERES,validation,1445,1406,97.30103611946106
snapshot_all,participant_static,PTDEMOG,train,6707,6707,100.0
snapshot_all,participant_static,PTDEMOG,validation,1445,1445,100.0
snapshot_matched_last,current_visit,ADAS,train,1419,1373,96.75828218460083
snapshot_matched_last,current_visit,ADAS,validation,299,294,98.32776188850403
snapshot_matched_last,current_visit,CDR,train,1419,1366,96.26497626304626
snapshot_matched_last,current_visit,CDR,validation,299,293,97.99330830574036
snapshot_matched_last,current_visit,FAQ,train,1419,1355,95.48978209495544
snapshot_matched_last,current_visit,FAQ,validation,299,292,97.65886068344116
snapshot_matched_last,current_visit,MMSE,train,1419,1366,96.26497626304626
snapshot_matched_last,current_visit,MMSE,validation,299,293,97.99330830574036
snapshot_matched_last,current_visit,MOCA,train,1419,1013,71.38830423355103
snapshot_matched_last,current_visit,MOCA,validation,299,217,72.57525324821472
snapshot_matched_last,current_visit,NEUROBAT,train,1419,1362,95.98308801651001
snapshot_matched_last,current_visit,NEUROBAT,validation,299,292,97.65886068344116
snapshot_matched_last,participant_static,APOERES,train,1419,1415,99.71811175346375
snapshot_matched_last,participant_static,APOERES,validation,299,298,99.6655523777008
snapshot_matched_last,participant_static,PTDEMOG,train,1419,1419,100.0
snapshot_matched_last,participant_static,PTDEMOG,validation,299,299,100.0
