scenario,split,feature_type,original_feature_count,row_count,missing_cells,total_cells,missing_cell_pct,features_with_any_missing
snapshot_all,train,numeric,77,6707,235518,516439,45.604224313036,75
snapshot_all,train,binary,71,6707,197571,476197,41.48934159602013,71
snapshot_all,train,categorical,60,6707,123666,402420,30.730579991054125,54
snapshot_all,train,multi_response,4,6707,9611,26828,35.82451170418965,4
snapshot_all,validation,numeric,77,1445,49890,111265,44.83889812609536,75
snapshot_all,validation,binary,71,1445,43013,102595,41.925045080169596,71
snapshot_all,validation,categorical,60,1445,26270,86700,30.29988465974625,54
snapshot_all,validation,multi_response,4,1445,2026,5780,35.05190311418685,4
snapshot_matched_last,train,numeric,76,1419,23431,107844,21.7267534586996,74
snapshot_matched_last,train,binary,71,1419,16572,100749,16.448798499240688,71
snapshot_matched_last,train,categorical,60,1419,4788,85140,5.623678646934461,53
snapshot_matched_last,train,multi_response,4,1419,210,5676,3.699788583509514,4
snapshot_matched_last,validation,numeric,76,299,4771,22724,20.995423340961096,74
snapshot_matched_last,validation,binary,71,299,3187,21229,15.012482924301661,71
snapshot_matched_last,validation,categorical,60,299,767,17940,4.275362318840579,53
snapshot_matched_last,validation,multi_response,4,299,29,1196,2.4247491638795986,4
longitudinal_previous_last,train,numeric,152,1419,47475,215688,22.010960275954154,149
longitudinal_previous_last,train,binary,142,1419,40118,201498,19.909875035980505,142
longitudinal_previous_last,train,categorical,111,1419,10333,157509,6.560260048632141,104
longitudinal_previous_last,train,multi_response,8,1419,351,11352,3.0919661733615222,8
longitudinal_previous_last,validation,numeric,152,299,9846,45448,21.664319662031335,149
longitudinal_previous_last,validation,binary,142,299,8258,42458,19.44980922323237,142
longitudinal_previous_last,validation,categorical,111,299,1974,33189,5.947753773840731,104
longitudinal_previous_last,validation,multi_response,8,299,60,2392,2.508361204013378,8
